city,luas_bangunan_m2,luas_tanah_m2,jumlah_kamar_tidur,jumlah_kamar_mandi,carport,tahun_dibangun,sertifikat,kondisi,latitude,longitude,harga,title,lokasi,url,source,scraped_at
Depok,1000.0,600.0,7.0,7,5.0,,,Siap Huni,,,7700000000.0,Rumah Bagus Dibukit Pesangrahan Cinere Ruang Klg Lt 1 Dan 2 Iluas,Cinere,https://www.rumah123.com/properti/depok-cinere/rumah-bagus-dibukit-pesangrahan-cinere-ruang-klg-lt-1-dan-2-iluas-hos4314426/,rumah123_playwright,2026-04-19T11:56:35.382352
Depok,101.0,77.0,4.0,3,3.0,,,,,,1200000000.0,Rumah Ready Stock 2 Lantai di Sawangan,Sawangan,https://www.rumah123.com/properti/depok-sawangan/rumah-ready-stock-2-lantai-di-sawangan-hos41101319/,rumah123_playwright,2026-04-19T11:56:43.523719
Depok,50.0,96.0,2.0,1,1.0,,,Siap Huni,,,740000000.0,"Rumah Bagus 1 Lantai , Tanah Luas,Dekat Sekolah2 Bagus, Rumah Sakit, 10 Menit ke Stasiun KRL, Bebas Banjir, Lokasi Nyaman",Cilodong,https://www.rumah123.com/properti/depok-cilodong/rumah-bagus-1-lantai-tanah-luasdekat-sekolah2-bagus-rumah-sakit-10-menit-ke-stasiun-krl-bebas-banjir-lokasi-nyaman-hos40972208/,rumah123_playwright,2026-04-19T11:56:57.808293
Depok,45.0,77.0,2.0,1,,,SHM,Siap Huni,,,600000000.0,Rumah Minimalis di Cilodong 15 Menit ke Stasiun Hadap Selatan J45947,Cilodong,https://www.rumah123.com/properti/depok-cilodong/rumah-minimalis-di-cilodong-15-menit-ke-stasiun-hadap-selatan-j45947-hos41305373/,rumah123_playwright,2026-04-19T11:57:07.321383
Depok,73.0,72.0,2.0,2,,,SHM,Siap Huni,,,890000000.0,Rumah 2 LT Siap Huni 10 Menit ke Citimall Cimanggis Bebas Banjir J43161,Cimanggis,https://www.rumah123.com/properti/depok-cimanggis/rumah-2-lt-siap-huni-10-menit-ke-citimall-cimanggis-bebas-banjir-j43161-hos41092421/,rumah123_playwright,2026-04-19T11:57:17.462225
Depok,90.0,108.0,2.0,1,,,,Siap Huni,,,800000000.0,Rumah LT 108 Hadap Utara 8 Menit ke The Park Sawangan J-44744,Sawangan,https://www.rumah123.com/properti/depok-sawangan/rumah-lt-108-hadap-utara-8-menit-ke-the-park-sawangan-j44744-hos41195188/,rumah123_playwright,2026-04-19T11:57:27.456342
Depok,109.0,112.0,3.0,4,,,,Siap Huni,,,2770000000.0,Rumah Carport Luas 6 Menit ke Rsu Brawijaya Sawangan Siap Huni J42815,Sawangan,https://www.rumah123.com/properti/depok-sawangan/rumah-carport-luas-6-menit-ke-rsu-brawijaya-sawangan-siap-huni-j42815-hos41145141/,rumah123_playwright,2026-04-19T11:57:36.874268
Depok,62.0,72.0,3.0,2,,,,Siap Huni,,,890000000.0,Rumah 2 LT Siap KPR 15 Menit ke Terminal Sawangan Hadap Timur J42877,Sawangan,https://www.rumah123.com/properti/depok-sawangan/rumah-2-lt-siap-kpr-15-menit-ke-terminal-sawangan-hadap-timur-j42877-hos41092418/,rumah123_playwright,2026-04-19T11:57:46.255458
Depok,40.0,62.0,2.0,2,,,,Siap Huni,,,670000000.0,Rumah Siap Huni 9 Menit ke Rsud Depok Timur 1 Lantai bisa KPR J45510,Cilodong,https://www.rumah123.com/properti/depok-cilodong/rumah-siap-huni-9-menit-ke-rsud-depok-timur-1-lantai-bisa-kpr-j45510-hos41305381/,rumah123_playwright,2026-04-19T11:57:55.841244
Depok,422.0,570.0,6.0,6,2.0,,SHM,Siap Huni,,,6000000000.0,Hot Sale!! Rumah Bagus Murah SHM di Cinere Estate Jakarta Selatan Dekat Toll Bebas Banjir,Cinere,https://www.rumah123.com/properti/depok-cinere/jual-cepat-rumah-bagus-shm-di-cinere-estate-jakarta-selatan-dekat-toll-bebas-banjir-hos18976048/,rumah123_playwright,2026-04-19T11:58:07.446713
Depok,242.0,230.0,3.0,2,,,SHM,Siap Huni,,,2350000000.0,Rumah LT 230 SHM Siap KPR 12 Menit ke Cinere Bellevue Mall J-34467,Cinere,https://www.rumah123.com/properti/depok-cinere/rumah-lt-230-shm-siap-kpr-12-menit-ke-cinere-bellevue-mall-j34467-hos40170602/,rumah123_playwright,2026-04-19T11:58:18.950626
Depok,150.0,165.0,3.0,3,,,,Siap Huni,,,1660000000.0,Rumah Hadap Timur LT 165 Siap KPR 10 Mnt ke Pintu Tol Cisalak J-34667,Sukmajaya,https://www.rumah123.com/properti/depok-sukmajaya/rumah-hadap-timur-lt-165-siap-kpr-10-mnt-ke-pintu-tol-cisalak-j34667-hos41195181/,rumah123_playwright,2026-04-19T11:58:29.147711
Depok,54.0,84.0,2.0,1,,,,Siap Huni,,,500000000.0,Rumah Hadap Utara 15 Menit ke Rs Permata Depok Siap KPR J-31119,Sawangan,https://www.rumah123.com/properti/depok-sawangan/rumah-hadap-utara-15-menit-ke-rs-permata-depok-siap-kpr-j31119-hos40796903/,rumah123_playwright,2026-04-19T11:58:38.757951
Depok,70.0,72.0,2.0,1,,,,Siap Huni,,,690000000.0,Rumah 15 Menit ke Mall Pesona Square Siap Huni Dibantu KPR J-28750,Sukmajaya,https://www.rumah123.com/properti/depok-sukmajaya/rumah-15-menit-ke-mall-pesona-square-siap-huni-dibantu-kpr-j28750-hos41195281/,rumah123_playwright,2026-04-19T11:58:48.351499
Depok,100.0,133.0,2.0,3,,,,Siap Huni,,,890000000.0,Rumah Hook 1 Lantai 15 Menit ke Gerbang Tol Sawangan 4 bisa KPR J16834,Sawangan,https://www.rumah123.com/properti/depok-sawangan/rumah-hook-1-lantai-15-menit-ke-gerbang-tol-sawangan-4-bisa-kpr-j16834-hos40453386/,rumah123_playwright,2026-04-19T11:59:00.184562
Depok,50.0,96.0,2.0,1,,,SHM,Baru,,,820000000.0,Rumah Asri Baru Renov 2 Menit ke RS Citra Medika Depok Siap Huni J31471,Cilodong,https://www.rumah123.com/properti/depok-cilodong/rumah-asri-baru-renov-2-menit-ke-rs-citra-medika-depok-siap-huni-j31471-hos40177047/,rumah123_playwright,2026-04-19T11:59:09.868434
Depok,69.0,69.0,2.0,1,,,,Siap Huni,,,670000000.0,Rumah Minimalis 1 LT 5 Menit ke Rsu Brawijaya Sawangan Hadap Utara J46043,Sawangan,https://www.rumah123.com/properti/depok-sawangan/rumah-minimalis-1-lt-5-menit-ke-rsu-brawijaya-sawangan-hadap-utara-j46043-hos41379895/,rumah123_playwright,2026-04-19T11:59:20.088495
Depok,200.0,400.0,3.0,3,,,,Siap Huni,,,4980000000.0,Rumah LT 400 Strategis 6 Menit ke Gerbang Tol Brigif 4 Bebas Banjir J45797,Cinere,https://www.rumah123.com/properti/depok-cinere/rumah-lt-400-strategis-6-menit-ke-gerbang-tol-brigif-4-bebas-banjir-j45797-hos41362430/,rumah123_playwright,2026-04-19T11:59:31.394148
Depok,200.0,120.0,,3,,,,Siap Huni,,,3320000000.0,Rumah 3 LT Dekat Pintu Tol Kukusan Siap Huni Dibantu KPR J-46477,Sawangan,https://www.rumah123.com/properti/depok-sawangan/rumah-3-lt-dekat-pintu-tol-kukusan-siap-huni-dibantu-kpr-j46477-hos41386937/,rumah123_playwright,2026-04-19T11:59:40.450624
Depok,240.0,120.0,3.0,3,,,SHM,Siap Huni,,,2770000000.0,Rumah Hadap Timur LB 240 SHM 10 Menit ke Gerbang Tol Brigif J-46754,Cinere,https://www.rumah123.com/properti/depok-cinere/rumah-hadap-timur-lb-240-shm-10-menit-ke-gerbang-tol-brigif-j46754-hos41390576/,rumah123_playwright,2026-04-19T11:59:49.197501
Depok,45.0,77.0,2.0,1,,,SHM,Siap Huni,,,600000000.0,Rumah 1 Lantai Siap Huni 18 Menit ke Stasiun Depok Dibantu KPR J45947,Sukmajaya,https://www.rumah123.com/properti/depok-sukmajaya/rumah-1-lantai-siap-huni-18-menit-ke-stasiun-depok-dibantu-kpr-j45947-hos41362432/,rumah123_playwright,2026-04-19T12:00:17.209895
Depok,83.0,100.0,3.0,2,,,,Siap Huni,,,1500000000.0,Rumah Strategis 11 Menit ke Gerbang Tol Kukusan 1 Dibantu KPR J39001,Cimanggis,https://www.rumah123.com/properti/depok-cimanggis/rumah-strategis-11-menit-ke-gerbang-tol-kukusan-1-dibantu-kpr-j39001-hos40614762/,rumah123_playwright,2026-04-19T12:00:28.507365
Depok,50.0,96.0,2.0,1,,,SHM,Siap Huni,,,820000000.0,Rumah Siap Huni Asri 15 Menit ke Stasiun Citayam Sudah Renov J31471,Citayam,https://www.rumah123.com/properti/depok-citayam/rumah-siap-huni-asri-15-menit-ke-stasiun-citayam-sudah-renov-j31471-hos40397516/,rumah123_playwright,2026-04-19T12:00:37.779373
Depok,120.0,72.0,4.0,3,4.0,,,Baru,,,985000000.0,Rumah Furnished 4 Kamar Tidur Dekat Tol Cinere,Cinere,https://www.rumah123.com/properti/depok-cinere/rumah-furnished-4-kamar-tidur-dekat-tol-cinere-limo-hos39751254/,rumah123_playwright,2026-04-19T12:00:49.636894
Depok,75.0,60.0,3.0,2,4.0,,,Baru,,,989000000.0,Rumah Mewah Siap Huni Akses Lebar Dekat Pintu Tol Cinere,Cinere,https://www.rumah123.com/properti/depok-cinere/rumah-mewah-siap-huni-akses-dekat-pintu-tol-hos39192780/,rumah123_playwright,2026-04-19T12:01:01.537892
Depok,110.0,80.0,4.0,2,2.0,,,Siap Huni,,,950000000.0,Rumah Siap Huni 4 Kamar Tidur Di Mampang Pancoran Mas Depok,Pancoran Mas,https://www.rumah123.com/properti/depok-pancoran-mas/rumah-siap-huni-4-kamar-tidur-di-mampang-pancoran-mas-depok-hos38983079/,rumah123_playwright,2026-04-19T12:01:12.717432
Depok,72.0,45.0,2.0,2,2.0,,,Siap Huni,,,799000000.0,"Rumah Siap Huni Mewah Japanese Style, Termurah di Limo Kota Depok",Cinere,https://www.rumah123.com/properti/depok-cinere/rumah-siap-huni-mewah-japanese-style-termurah-di-limo-kota-depok-hos40946747/,rumah123_playwright,2026-04-19T12:01:22.507570
Depok,130.0,120.0,4.0,4,2.0,,,,,,2400000000.0,Rumah Mewah 2 Lantai Scandinavian Ternyaman di Cinere Kota Depok,Cinere,https://www.rumah123.com/properti/depok-cinere/rumah-mewah-2-lantai-scandinavian-ternyaman-di-cinere-kota-depok-hos40935817/,rumah123_playwright,2026-04-19T12:01:32.320098
Depok,72.0,45.0,2.0,2,2.0,,,Siap Huni,,,799000000.0,Rumah Siap Huni Mewah Japanese Style Murah di Cinere Kota Depok,Limo,https://www.rumah123.com/properti/depok-limo/rumah-siap-huni-mewah-japanese-style-murah-di-cinere-kota-depok-hos40946748/,rumah123_playwright,2026-04-19T12:01:42.166425
Depok,50.0,60.0,3.0,2,2.0,,,,,,700000000.0,Rumah Murah 600 Meter ke Gerbang Tol Cinere Limo Depok,Cinere,https://www.rumah123.com/properti/depok-cinere/rumah-2-lantai-murah-600-meter-ke-gerbang-tol-cinere-limo-depok-hos40722438/,rumah123_playwright,2026-04-19T12:01:52.914654
Depok,85.0,65.0,3.0,3,4.0,,,Baru,,,1350000000.0,Rumah Mewah Siap Huni di Cinere Dekat Pintu Tol Brigif Desari,Cinere,https://www.rumah123.com/properti/depok-cinere/rumah-mewah-premium-di-cinere-dekat-pintu-tol-brigif-desari-hos38889643/,rumah123_playwright,2026-04-19T12:02:03.959394
Depok,130.0,72.0,4.0,3,4.0,,,Baru,,,989000000.0,Rumah Furnished Rootfop Cozy Akses 900 Meter ke Pintu Tol,Cinere,https://www.rumah123.com/properti/depok-cinere/rumah-furnished-rootfop-cozy-akses-900-meter-ke-pintu-tol-hos19381285/,rumah123_playwright,2026-04-19T12:02:15.712263
Depok,300.0,260.0,5.0,6,4.0,,,Siap Huni,,,3300000000.0,Rumah Siap Huni Komplek Cinere Depan Cinere Mal Harga Terbaik,Cinere,https://www.rumah123.com/properti/depok-cinere/rumah-siap-huni-komplek-cinere-depan-cinere-mal-harga-terbaik-hos41260828/,rumah123_playwright,2026-04-19T12:02:24.985750
Depok,128.0,87.0,3.0,3,1.0,,,Siap Huni,,,2100000000.0,Rumah Komplek Terbaik Cinere Lokasi Sangat Strategis,Cinere,https://www.rumah123.com/properti/depok-cinere/rumah-komplek-terbaik-cinere-lokasi-sangat-strategis-hos40948065/,rumah123_playwright,2026-04-19T12:02:32.346560
Depok,200.0,240.0,4.0,3,2.0,,,Bagus,,,3750000000.0,Rumah Komplek Megapolitan Full Furnished Harga.negon Cinere Full Furnished Tinggal Bawa Koper,Cinere,https://www.rumah123.com/properti/depok-cinere/rumah-komplek-megapolitan-cinere-full-furnished-tinggal-bawa-koper-hos19298213/,rumah123_playwright,2026-04-19T12:02:42.141041
Depok,440.0,800.0,6.0,8,7.0,,,Baru,,,13500000000.0,Rumah Modern Tropis Komplek Cinere Depok,Cinere,https://www.rumah123.com/properti/depok-cinere/rumah-modern-tropis-komplek-cinere-depok-hos19042621/,rumah123_playwright,2026-04-19T12:02:50.173170
Depok,70.0,60.0,2.0,1,1.0,,,,,,900000000.0,Rumah Mewah Kurang 7 Menit..,Cibubur,https://www.rumah123.com/properti/depok-cibubur/rumah-mewah-kurang-7-menit-hos41256147/,rumah123_playwright,2026-04-19T12:02:59.063451
Depok,76.0,85.0,2.0,1,1.0,,SHM,Siap Huni,,,635000000.0,Dalam Perumahan Nyaman di Depok Dekat Stasiun KRL Siap Huni SHM IMB Lengkap,Cilodong,https://www.rumah123.com/properti/depok-cilodong/dalam-perumahan-nyaman-di-depok-dekat-stasiun-krl-siap-huni-shm-imb-lengkap-hos40010627/,rumah123_playwright,2026-04-19T12:03:08.346222
Depok,90.0,77.0,3.0,2,2.0,,SHM,Siap Huni,,,1250000000.0,"Rumah 2 Lantai, Siap Huni Dekat Kampus Ui, Stasiun & Mall",Kelapa Dua,https://www.rumah123.com/properti/depok-kelapa-dua/rumah-2-lantai-siap-huni-dekat-kampus-ui-stasiun-mall-hos18906985/,rumah123_playwright,2026-04-19T12:03:20.916624
Depok,150.0,180.0,3.0,3,3.0,,SHM,Siap Huni,,,2380000000.0,"Siap Huni, Rumah, 1 Lantai, SHM, Dekat Universitas, bisa KPR,",Cinere,https://www.rumah123.com/properti/depok-cinere/siap-huni-rumah-1-lantai-shm-dekat-universitas-bisa-kpr-hos41295548/,rumah123_playwright,2026-04-19T12:03:31.400521
Depok,180.0,200.0,4.0,3,2.0,,,Siap Huni,,,2700000000.0,Termurah Rumah Cantik Modern Bebas Banjir di Megapolitan Cinere,Cinere,https://www.rumah123.com/properti/depok-cinere/termurah-rumah-cantik-modern-bebas-banjir-di-megapolitan-cinere-hos41230485/,rumah123_playwright,2026-04-19T12:04:00.778972
Depok,305.0,324.0,5.0,6,6.0,,,,,,3600000000.0,Rumah Plus Kantor di Komplek Cinere,Cinere,https://www.rumah123.com/properti/depok-cinere/rumah-plus-kantor-di-komplek-cinere-hos41332057/,rumah123_playwright,2026-04-19T12:04:09.147480
Depok,200.0,240.0,4.0,3,1.0,,,Bagus,,,3750000000.0,Rumah Komplek Megapolitan Cinere Full Furnished Tinggal Bawa Koper,Cinere,https://www.rumah123.com/properti/depok-cinere/rumah-komplek-megapolitan-cinere-full-furnished-tinggal-bawa-koper-hos19297230/,rumah123_playwright,2026-04-19T12:04:16.728081
Depok,169.0,377.0,5.0,4,2.0,,,,,,4200000000.0,Rumah Nyaman dan Kokoh Dalam Komplek Gandul Cinere Deket Pangkalan Jati dan Andara,Cinere,https://www.rumah123.com/properti/depok-cinere/rumah-nyaman-dan-kokoh-dalam-komplek-gandul-cinere-deket-pangkalan-jati-dan-andara-hos40805579/,rumah123_playwright,2026-04-19T12:04:26.012808
Depok,400.0,480.0,6.0,3,4.0,,,,,,4500000000.0,Rumah Hook Cantik Halaman Luas Komplek Mega Cinere Wajib Disurvey,Cinere,https://www.rumah123.com/properti/depok-cinere/rumah-hook-cantik-halaman-luas-komplek-mega-cinere-wajib-disurvey-hos17633393/,rumah123_playwright,2026-04-19T12:04:35.866598
Depok,70.0,51.0,3.0,2,1.0,,,,,,725000000.0,Rumah Termurah Type 2 Lantai Dekat Tol Cijago dan Stasiun Depok,Cilodong,https://www.rumah123.com/properti/depok-cilodong/rumah-termurah-type-2-lantai-dekat-tol-cijago-dan-stasiun-depok-hos18753386/,rumah123_playwright,2026-04-19T12:04:43.928215
Depok,90.0,72.0,3.0,2,2.0,,,Siap Huni,,,999000000.0,Rumah Keren Siap Huni Dekat Stasiun dan Grand Depok City,Grand Depok City,https://www.rumah123.com/properti/depok-grand-depok-city/rumah-keren-siap-huni-dekat-stasiun-dan-grand-depok-city-hos40727922/,rumah123_playwright,2026-04-19T12:04:53.832818
Depok,127.0,130.0,4.0,4,2.0,,,,,,1700000000.0,Rumah Sultan di Boulevard Grand Depok City Nempel Alun Alun,Grand Depok City,https://www.rumah123.com/properti/depok-grand-depok-city/rumah-sultan-di-boulevard-grand-depok-city-nempel-alun-alun-hos41261752/,rumah123_playwright,2026-04-19T12:05:03.330681
Depok,45.0,60.0,2.0,1,2.0,,,,,,499000000.0,Rumah Kpr Termurah Akses 2 Mobil Dekat Tol Di Sawangan Depok,Sawangan,https://www.rumah123.com/properti/depok-sawangan/rumah-kpr-termurah-akses-2-mobil-dekat-tol-di-sawangan-depok-hos19278989/,rumah123_playwright,2026-04-19T12:05:10.981679
Depok,55.0,61.0,3.0,2,2.0,,,,,,891000000.0,Rumah Keren Akses 2 Mobil Dekat Villa Cinere Dan Stasiun Depok,Cinere,https://www.rumah123.com/properti/depok-cinere/rumah-keren-akses-2-mobil-dekat-villa-cinere-dan-stasiun-depok-hos40099397/,rumah123_playwright,2026-04-19T12:05:18.968390
Depok,200.0,144.0,5.0,5,1.0,,,Siap Huni,,,1850000000.0,Rumah Dalam Komplek Paling Favorite Cinere,Cinere,https://www.rumah123.com/properti/depok-cinere/rumah-dalam-komplek-paling-favorite-cinere-hos19432564/,rumah123_playwright,2026-04-19T12:05:28.841098
Depok,86.0,125.0,4.0,3,2.0,,,,,,2000000000.0,Runah Cantik Dalam Komplek Elite Cinere Segera Survey Yuk,Cinere,https://www.rumah123.com/properti/depok-cinere/runah-cantik-dalam-komplek-elite-cinere-segera-survey-yuk-hos13721854/,rumah123_playwright,2026-04-19T12:05:37.415907
Depok,42.0,62.0,2.0,1,1.0,,,Baru,,,595000000.0,Rumah Baru Siap Huni. Cluster Samping Mall. Dekat Jakarta Tangsel. All In.,Bojong Sari,https://www.rumah123.com/properti/depok-bojong-sari/rumah-baru-unit-ready-kprcash-cluster-lingkungan-perkotaanurban-hos40646189/,rumah123_playwright,2026-04-19T12:05:46.065188
Depok,1200.0,1428.0,11.0,9,12.0,,,Siap Huni,,,25000000000.0,"Rumah Mewah Villa Cinere Mas Desain Classic Cinere, Depok",Cinere,https://www.rumah123.com/properti/depok-cinere/rumah-mewah-villa-cinere-mas-desain-classic-cinere-depok-hos19078285/,rumah123_playwright,2026-04-19T12:05:54.326004
Depok,70.0,80.0,2.0,1,2.0,,,,,,570000000.0,"Rumah Modern di Cilodong, Depok - Harga Terjangkau 500 Jutaan!""",Cilodong,https://www.rumah123.com/properti/depok-cilodong/rumah-modern-di-cilodong-depok-harga-terjangkau-500-jutaan-hos41198438/,rumah123_playwright,2026-04-19T12:06:01.402085
Depok,50.0,56.0,2.0,1,1.0,,,Siap Huni,,,550000000.0,"Tempat Tinggal Asri & Modern di Sawangan, Depok""",Sawangan,https://www.rumah123.com/properti/depok-sawangan/tempat-tinggal-asri-modern-di-sawangan-depok-hos41218854/,rumah123_playwright,2026-04-19T12:06:08.386921
Depok,32.0,45.0,3.0,2,1.0,,,Siap Huni,,,550000000.0,"""Rumah 2 Lantai di Cinere, Booking Cuma 2 Jutaan!""",Cinere,https://www.rumah123.com/properti/depok-cinere/rumah-2-lantai-di-cinere-booking-cuma-2-jutaan-hos41338553/,rumah123_playwright,2026-04-19T12:06:16.673602
Depok,55.0,61.0,2.0,2,1.0,,,,,,995000000.0,Hunian Strategis Cinere Depok - Cukup Booking 5 Jutaan Aja!,Cinere,https://www.rumah123.com/properti/depok-cinere/hunian-strategis-cinere-depok-cukup-booking-5-jutaan-aja-hos41297211/,rumah123_playwright,2026-04-19T12:06:26.643430
Depok,70.0,45.0,3.0,2,1.0,,,,,,725000000.0,Dekat Transportasi! Rumah Strategis 10 Menit Dari Terminal Depok,Sukmajaya,https://www.rumah123.com/properti/depok-sukmajaya/dekat-transportasi-rumah-strategis-10-menit-dari-terminal-depok-hos41296928/,rumah123_playwright,2026-04-19T12:06:34.639419
Depok,42.0,52.0,2.0,1,1.0,,,Siap Huni,,,465000000.0,Rumah Murah Sawangan DP 0% - Siap Huni & Legalitas Aman,Sawangan,https://www.rumah123.com/properti/depok-sawangan/rumah-murah-sawangan-dp-0-siap-huni-legalitas-aman-hos41242089/,rumah123_playwright,2026-04-19T12:06:42.635652
Depok,45.0,70.0,2.0,1,2.0,,,,,,575000000.0,Rumah Minimalis Akses Serba Dekat KPR dan Cash,Sawangan,https://www.rumah123.com/properti/depok-sawangan/rumah-minimalis-akses-serba-dekat-kpr-dan-cash-hos17731778/,rumah123_playwright,2026-04-19T12:07:08.992739
Depok,48.0,65.0,2.0,1,2.0,,,Baru,,,500000000.0,Rumah Siap Huni Akses Lebar di Sawangan Dekat Stasiun Kereta Api,Sawangan,https://www.rumah123.com/properti/depok-sawangan/rumah-siap-huni-di-sawangan-akses-lebar-dekat-stasiun-kereta-api-hos18097106/,rumah123_playwright,2026-04-19T12:07:19.446726
Depok,53.0,90.0,3.0,2,2.0,,,,,,568000000.0,Cluster Rumah Modern di Jalan Raya Dekat Stasiun Kereta Api,Sawangan,https://www.rumah123.com/properti/depok-sawangan/cluster-rumah-modern-di-jalan-raya-dekat-stasiun-kereta-api-hos19120212/,rumah123_playwright,2026-04-19T12:07:28.901989
Depok,125.0,98.0,4.0,3,4.0,,,,,,1350000000.0,Rumah Furnished Akses Lebar Dekat Gerbang Tol Cinere Limo,Cinere,https://www.rumah123.com/properti/depok-cinere/rumah-furnished-akses-lebar-dekat-gerbang-tol-cinere-limo-hos40311023/,rumah123_playwright,2026-04-19T12:07:39.455667
Depok,50.0,65.0,2.0,1,2.0,,,Siap Huni,,,500000000.0,"Rumah 1,5 Lantai Siap Huni Di Sawangan Akses Dekat Pintu Tol",Sawangan,https://www.rumah123.com/properti/depok-sawangan/rumah-15-lantai-siap-huni-di-sawangan-akses-dekat-pintu-tol-hos19253667/,rumah123_playwright,2026-04-19T12:07:49.859758
Depok,190.0,180.0,5.0,3,2.0,,,Siap Huni,,,2750000000.0,Rumah Nyaman Belakang Mall di Jl Ciloto Komp Puri Cinere,Cinere,https://www.rumah123.com/properti/depok-cinere/rumah-nyaman-belakang-mall-di-jl-ciloto-komp-puri-cinere-hos39195829/,rumah123_playwright,2026-04-19T12:08:00.588684
Depok,300.0,300.0,5.0,5,3.0,,,Siap Huni,,,3600000000.0,Cinere Megapolitan 300 Meter Lokasi Strategis Jalan Jawa,Cinere,https://www.rumah123.com/properti/depok-cinere/cinere-megapolitan-300-meter-lokasi-strategis-jalan-jawa-hos39549001/,rumah123_playwright,2026-04-19T12:08:07.587493
Depok,75.0,65.0,3.0,2,2.0,,,Baru,,,850000000.0,Rumah 2 Lantai Modern 900 Meter ke Pintu Tol Depok,Pancoran Mas,https://www.rumah123.com/properti/depok-pancoran-mas/rumah-2-lantai-modern-900-meter-ke-pintu-tol-depok-hos16657378/,rumah123_playwright,2026-04-19T12:08:19.518106
Depok,55.0,60.0,3.0,2,2.0,,,Baru,,,700000000.0,Rumah Furnished 900 Meter ke Pintu Tol Sawangan Siap Huni,Sawangan,https://www.rumah123.com/properti/depok-sawangan/rumah-furnished-3-kamar-di-sawangan-akses-900-meter-ke-pintu-tol-hos38951975/,rumah123_playwright,2026-04-19T12:08:29.986539
Depok,100.0,65.0,3.0,2,2.0,,,Baru,,,950000000.0,Rumah Mewah Siap Huni Dalam Komplek Maharaja Pancoran Mas,Pancoran Mas,https://www.rumah123.com/properti/depok-pancoran-mas/rumah-mewah-siap-huni-dalam-komplek-maharaja-pancoran-mas-hos13668451/,rumah123_playwright,2026-04-19T12:08:43.298926
Depok,85.0,60.0,3.0,3,2.0,,,Baru,,,998000000.0,Rumah Siap Huni 800 Meter ke Gerbang Tol di Mampang Depok,Pancoran Mas,https://www.rumah123.com/properti/depok-pancoran-mas/rumah-2-lantai-siap-huni-dalam-komplek-dekat-pintu-tol-hos12495190/,rumah123_playwright,2026-04-19T12:08:54.523529
Depok,80.0,65.0,2.0,2,1.0,,,Siap Huni,,,1500000000.0,Rumah 2 Lantai Dalam Townhouse Exclusive di Cinere,Cinere,https://www.rumah123.com/properti/depok-cinere/rumah-2-lantai-dalam-townhouse-exclusive-di-cinere-hos39557522/,rumah123_playwright,2026-04-19T12:09:02.684426
Depok,180.0,100.0,4.0,3,,,SHM,Siap Huni,,,1110000000.0,Rumah SHM Luas 2 Lt Siap KPR 7 Menit ke Rs Citra Medika Depok J-39190,Cilodong,https://www.rumah123.com/properti/depok-cilodong/rumah-shm-luas-2-lt-siap-kpr-7-menit-ke-rs-citra-medika-depok-j39190-hos40546509/,rumah123_playwright,2026-04-19T12:09:12.102252
Depok,70.0,92.0,2.0,2,,,,Siap Huni,,,1110000000.0,Rumah Terawat 14 Menit ke Gerbang Tol Kukusan 3 Bebas Banjir J41876,Pancoran Mas,https://www.rumah123.com/properti/depok-pancoran-mas/rumah-terawat-14-menit-ke-gerbang-tol-kukusan-3-bebas-banjir-j41876-hos41145143/,rumah123_playwright,2026-04-19T12:09:22.154599
Depok,45.0,90.0,2.0,1,,,,Siap Huni,,,670000000.0,Rumah LT 90 Terawat 14 Menit ke Gerbang Tol Cimanggis Siap Huni J38982,Cimanggis,https://www.rumah123.com/properti/depok-cimanggis/rumah-lt-90-terawat-14-menit-ke-gerbang-tol-cimanggis-siap-huni-j38982-hos40619932/,rumah123_playwright,2026-04-19T12:09:30.657589
Depok,45.0,75.0,3.0,1,,,,Siap Huni,,,920000000.0,Rumah 5 Menit KRL Ui dan Tol Margonda Dibantu KPR Siap Huni J-40034,Cimanggis,https://www.rumah123.com/properti/depok-cimanggis/rumah-10-menit-ke-cimanggis-square-dibantu-kpr-siap-huni-j40034-hos40847760/,rumah123_playwright,2026-04-19T12:09:40.142733
Depok,45.0,105.0,2.0,1,,,,Siap Huni,,,780000000.0,Rumah Minimalis di Depok Akses Dekat Faskes LT 105 Hadap Timur J42793,Citayam,https://www.rumah123.com/properti/depok-citayam/rumah-minimalis-di-depok-akses-dekat-faskes-lt-105-hadap-timur-j42793-hos41064516/,rumah123_playwright,2026-04-19T12:09:49.072120
Depok,45.0,78.0,2.0,1,,,SHM,Siap Huni,,,940000000.0,Rumah Hadap Timur SHM 10 Menit ke Rs Permata Depok Siap KPR J-41924,Sawangan,https://www.rumah123.com/properti/depok-sawangan/rumah-hadap-timur-shm-10-menit-ke-rs-permata-depok-siap-kpr-j41924-hos41181210/,rumah123_playwright,2026-04-19T12:09:57.895929
Depok,113.0,113.0,2.0,2,,,SHM,Siap Huni,,,560000000.0,Rumah LT 113 SHM 15 ke Stasiun Citayam Siap KPR J-41018,Citayam,https://www.rumah123.com/properti/depok-citayam/rumah-lt-113-shm-15-ke-stasiun-citayam-siap-kpr-j41018-hos40949259/,rumah123_playwright,2026-04-19T12:10:06.044497
Depok,55.0,70.0,3.0,2,,,,Siap Huni,,,790000000.0,Rumah 2 Lantai 12 Menit ke Gerbang Tol Sawangan 4 Hadap Selatan J39631,Sawangan,https://www.rumah123.com/properti/depok-sawangan/rumah-2-lantai-12-menit-ke-gerbang-tol-sawangan-4-hadap-selatan-j39631-hos40907567/,rumah123_playwright,2026-04-19T12:10:14.700933
Depok,45.0,85.0,2.0,1,,,,Siap Huni,,,590000000.0,Rumah Minimalis Dekat Gerbang Tol Sawangan 4 LT 85 Hadap Timur J33989,Sawangan,https://www.rumah123.com/properti/depok-sawangan/rumah-minimalis-dekat-gerbang-tol-sawangan-4-lt-85-hadap-timur-j33989-hos40279807/,rumah123_playwright,2026-04-19T12:10:41.530256
Depok,60.0,86.0,2.0,1,,,,Siap Huni,,,1280000000.0,Rumah Terawat 7 Menit ke Gerbang Tol Brigif 4 Siap Huni Bebas Banjir J34920,Cinere,https://www.rumah123.com/properti/depok-cinere/rumah-terawat-7-menit-ke-gerbang-tol-brigif-4-siap-huni-bebas-banjir-j34920-hos40619936/,rumah123_playwright,2026-04-19T12:10:50.853916
Depok,63.0,90.0,3.0,2,,,,Siap Huni,,,1400000000.0,Rumah 4 Menit ke The Park Sawangan Siap Huni Dibantu KPR J-25062,Sawangan,https://www.rumah123.com/properti/depok-sawangan/rumah-4-menit-ke-the-park-sawangan-siap-huni-dibantu-kpr-j25062-hos40214636/,rumah123_playwright,2026-04-19T12:11:00.180763
Depok,100.0,65.0,3.0,3,4.0,,,,,,1040000000.0,Rumah Modern Furnished Dekat Tol Cinere Depok,Cinere,https://www.rumah123.com/properti/depok-cinere/rumah-modern-furnished-dekat-tol-cinere-depok-hos18305531/,rumah123_playwright,2026-04-19T12:11:10.771475
Depok,60.0,90.0,2.0,2,,,SHM,Siap Huni,,,780000000.0,Rumah Strategis 9 Menit ke The Park Sawangan SHM Dibantu KPR J-36721,Sawangan,https://www.rumah123.com/properti/depok-sawangan/rumah-strategis-9-menit-ke-the-park-sawangan-shm-dibantu-kpr-j36721-hos40013335/,rumah123_playwright,2026-04-19T12:11:19.393619
Depok,36.0,83.0,2.0,1,,,,Siap Huni,,,1000000000.0,Rumah Minimalis 6 Menit ke Rsu Hermina Depok 1 Lt Siap Huni J39340,Sukmajaya,https://www.rumah123.com/properti/depok-sukmajaya/rumah-minimalis-6-menit-ke-rsu-hermina-depok-1-lt-siap-huni-j39340-hos40619914/,rumah123_playwright,2026-04-19T12:11:28.237010
Depok,160.0,160.0,4.0,3,,,SHM,Siap Huni,,,2550000000.0,Rumah 2 Lt SHM 10 Menit ke Stasiun Depok Dibantu KPR J-37606,Cilodong,https://www.rumah123.com/properti/depok-cilodong/rumah-2-lt-shm-10-menit-ke-stasiun-depok-dibantu-kpr-j37606-hos40081062/,rumah123_playwright,2026-04-19T12:11:38.273488
Depok,70.0,83.0,2.0,1,,,,Siap Huni,,,750000000.0,Rumah Siap Huni 13 Menit ke Pintu Tol Sawangan 4 Bebas Banjir J37512,Sawangan,https://www.rumah123.com/properti/depok-sawangan/rumah-siap-huni-13-menit-ke-pintu-tol-sawangan-4-bebas-banjir-j37512-hos40049731/,rumah123_playwright,2026-04-19T12:11:48.289598
Depok,100.0,103.0,2.0,2,,,SHM,,,,1030000000.0,Rumah 2 Lantai SHM 6 Menit ke Terminal Sawangan LT 103 Dibantu KPR J28826,Sawangan,https://www.rumah123.com/properti/depok-sawangan/rumah-2-lantai-shm-6-menit-ke-terminal-sawangan-lt-103-dibantu-kpr-j28826-hos40477030/,rumah123_playwright,2026-04-19T12:11:56.213639
Depok,60.0,90.0,2.0,1,,,,Siap Huni,,,500000000.0,Rumah Siap Huni 17 Menit ke Alia Hospital Depok 1 Lt bisa KPR J39269,Cilodong,https://www.rumah123.com/properti/depok-cilodong/rumah-siap-huni-17-menit-ke-alia-hospital-depok-1-lt-bisa-kpr-j39269-hos40619907/,rumah123_playwright,2026-04-19T12:12:06.679536
Depok,46.0,84.0,2.0,1,,,,Siap Huni,,,1330000000.0,Rumah Terawat 1 LT 10 Menit ke Mall Pesona Square Dibantu KPR J41753,Sukmajaya,https://www.rumah123.com/properti/depok-sukmajaya/rumah-terawat-1-lt-10-menit-ke-mall-pesona-square-dibantu-kpr-j41753-hos41064517/,rumah123_playwright,2026-04-19T12:12:15.935213
Depok,258.0,144.0,5.0,5,,,,Siap Huni,,,1660000000.0,Rumah LT 144 Strategis 12 Menit ke Gerbang Tol Limo 2 Siap Huni J43807,Limo,https://www.rumah123.com/properti/depok-limo/rumah-lt-144-strategis-12-menit-ke-gerbang-tol-limo-2-siap-huni-j43807-hos41145133/,rumah123_playwright,2026-04-19T12:12:25.130071
Depok,300.0,197.0,4.0,4,,,,Siap Huni,,,3260000000.0,Rumah LB 300 Hadap Selatan 7 Mnt ke Trans Studio Mall Cibubur J-40740,Cimanggis,https://www.rumah123.com/properti/depok-cimanggis/rumah-lb-300-hadap-selatan-7-mnt-ke-trans-studio-mall-cibubur-j40740-hos40997669/,rumah123_playwright,2026-04-19T12:12:33.653740
Depok,45.0,65.0,2.0,1,,,SHM,Siap Huni,,,640000000.0,Rumah Asri Terawat 13 Menit ke Rs Permata Depok SHM Siap Huni J31771,Pancoran Mas,https://www.rumah123.com/properti/depok-pancoran-mas/rumah-asri-terawat-13-menit-ke-rs-permata-depok-shm-siap-huni-j31771-hos40319203/,rumah123_playwright,2026-04-19T12:12:42.967600
Depok,100.0,103.0,2.0,2,,,SHM,,,,1030000000.0,Rumah 2 Lt SHM 15 Menit ke Dtc (Depok Town Center) Siap KPR J-28826,Pancoran Mas,https://www.rumah123.com/properti/depok-pancoran-mas/rumah-2-lt-shm-15-menit-ke-dtc-depok-town-center-siap-kpr-j28826-hos40796897/,rumah123_playwright,2026-04-19T12:12:51.110696
Depok,50.0,96.0,2.0,1,,,SHM,Baru,,,820000000.0,Rumah LT 96 Baru Renov 9 Menit ke Stasiun Depok Bebas Banjir J31471,Sukmajaya,https://www.rumah123.com/properti/depok-sukmajaya/rumah-lt-96-baru-renov-9-menit-ke-stasiun-depok-bebas-banjir-j31471-hos40397515/,rumah123_playwright,2026-04-19T12:12:59.733804
Depok,223.0,180.0,5.0,4,2.0,,,,,,2700000000.0,Dijual Cepat Rumah Cinere Depok Nego Sampai Jadi,Cinere,https://www.rumah123.com/properti/depok-cinere/dijual-cepat-rumah-cinere-depok-nego-sampai-jadi-hos41392726/,rumah123_playwright,2026-04-19T12:13:06.649439
Depok,45.0,96.0,,2,1.0,,,Siap Huni,,,950000000.0,Rumah Siap Huni Luas Tanah 96M Dekat Pintu Tol Desari,Pancoran Mas,https://www.rumah123.com/properti/depok-pancoran-mas/rumah-siap-huni-luas-tanah-96m-dekat-pintu-tol-desari-hos40828423/,rumah123_playwright,2026-04-19T12:13:16.045599
Depok,160.0,300.0,4.0,3,2.0,,,Siap Huni,,,3250000000.0,Rumah Hitung Tanah Siap Deal di Komplek Puri Cinere,Cinere,https://www.rumah123.com/properti/depok-cinere/jual-murah-hitung-tanah-di-komplek-paling-diminati-saat-ini-hos40744894/,rumah123_playwright,2026-04-19T12:13:24.834935
Depok,308.0,213.0,4.0,5,3.0,,,Siap Huni,,,3000000000.0,Dijual Cepat Rumah 2 Lantai Raffles Hills,Cibubur,https://www.rumah123.com/properti/depok-cibubur/dijual-cepat-rumah-2-lantai-raffles-hills-hos41345284/,rumah123_playwright,2026-04-19T12:13:31.711134
Depok,71.0,53.0,3.0,2,2.0,,SHM,Siap Huni,,,800000000.0,Rumah Murah 2 Lantai Siap Huni Nempel Pintu Tol Cijago/pasar Cisalak,Cimanggis,https://www.rumah123.com/properti/depok-cimanggis/rumah-murah-2-lantai-siap-huni-nempel-pintu-tol-cijagopasar-cisalak-hos13467520/,rumah123_playwright,2026-04-19T12:13:58.218108
Depok,110.0,157.0,5.0,3,1.0,,,Siap Huni,,,1700000000.0,Rumah Siap Huni Lingkungan Asri di Perumahan,Cinere,https://www.rumah123.com/properti/depok-cinere/rumah-siap-huni-lingkungan-asri-di-perumahan-hos41385870/,rumah123_playwright,2026-04-19T12:14:06.314218
Depok,52.0,82.0,2.0,1,1.0,,SHM,,,,850000000.0,"Rumah 1 Lantai Dlm Kompleks Dekat Tol di Blok E, Cinere, Depok",Cinere,https://www.rumah123.com/properti/depok-cinere/rumah-1-lantai-dlm-kompleks-dekat-tol-di-blok-e-cinere-depok-hos38896097/,rumah123_playwright,2026-04-19T12:14:16.150013
Depok,120.0,98.0,4.0,3,4.0,,,,,,1350000000.0,Rumah Furnished Akses Lebar Dekat Gerbang Tol Limo Depok,Limo,https://www.rumah123.com/properti/depok-limo/rumah-furnished-akses-lebar-nyaman-dekat-gerbang-tol-limo-hos40310827/,rumah123_playwright,2026-04-19T12:14:26.585562
Depok,40.0,60.0,2.0,1,2.0,,,Baru,,,550000000.0,Rumah Nyaman 700 Meter ke Gerbang Tol Sawangan Depok,Sawangan,https://www.rumah123.com/properti/depok-sawangan/rumah-nyaman-700-meter-ke-gerbang-tol-sawangan-depok-hos41170776/,rumah123_playwright,2026-04-19T12:14:35.252607
Depok,125.0,98.0,4.0,3,4.0,,,Baru,,,1300000000.0,Rumah Furnished Akses Lebar 4 Kamar Tidur Dekat Gerbang Tol,Pancoran Mas,https://www.rumah123.com/properti/depok-pancoran-mas/rumah-furnished-akses-lebar-4-kamar-tidur-dekat-gerbang-tol-hos40311409/,rumah123_playwright,2026-04-19T12:14:46.552806
Depok,100.0,65.0,3.0,3,4.0,,,Baru,,,1000000000.0,Rumah Furnished Akses Lebar Dekat Pintu Tol Cinere Limo,Cinere,https://www.rumah123.com/properti/depok-cinere/rumah-furnished-siap-huni-dekat-pintu-tol-depok-hos18979806/,rumah123_playwright,2026-04-19T12:14:58.611604
Depok,70.0,70.0,3.0,2,2.0,,,Baru,,,700000000.0,Rumah 2 Lantai Siap Huni Akses Lebar di Sawangan Depok,Sawangan,https://www.rumah123.com/properti/depok-sawangan/rumah-siap-huni-di-sawangan-dekat-terminal-busway-transjakarta-hos40570907/,rumah123_playwright,2026-04-19T12:15:09.917371
Depok,55.0,60.0,3.0,2,2.0,,,,,,700000000.0,Rumah Furnished 900 Meter ke Gerbang Tol di Pancoran Mas Depok,Pancoran Mas,https://www.rumah123.com/properti/depok-pancoran-mas/rumah-furnished-murah-di-pancoran-mas-akses-900-meter-ke-tol-hos38949480/,rumah123_playwright,2026-04-19T12:15:18.609397
Depok,75.0,65.0,3.0,2,2.0,,,Baru,,,990000000.0,Rumah Mewah Siap Huni Akses Lebar Dekat Tol Limo Depok,Limo,https://www.rumah123.com/properti/depok-limo/rumah-mewah-siap-huni-akses-dekat-tol-limo-depok-hos39177448/,rumah123_playwright,2026-04-19T12:15:29.823596
Depok,100.0,70.0,3.0,3,2.0,,,Siap Huni,,,830000000.0,Rumah Mewah Siap Huni di Pancoran Mas 900 Meter ke Pintu Tol,Pancoran Mas,https://www.rumah123.com/properti/depok-pancoran-mas/rumah-mewah-siap-huni-900-meter-ke-pintu-tol-depok-hos38834011/,rumah123_playwright,2026-04-19T12:15:42.217098
Depok,53.0,90.0,3.0,2,2.0,,,,,,567000000.0,Rumah Minimalis Akses Lebar Dekat Stasiun Kereta Api Citayam,Citayam,https://www.rumah123.com/properti/depok-citayam/rumah-minimalis-akses-lebar-dekat-stasiun-kereta-api-citayam-hos17507085/,rumah123_playwright,2026-04-19T12:15:51.460005
Depok,83.0,100.0,3.0,2,,,,Siap Huni,,,1500000000.0,Rumah Terawat LT 100 Akses Dekat Pintu Tol Margonda 1 Siap Huni J39001,Beji,https://www.rumah123.com/properti/depok-beji/rumah-terawat-lt-100-akses-dekat-pintu-tol-margonda-1-siap-huni-j39001-hos40477033/,rumah123_playwright,2026-04-19T12:16:02.252866
Depok,103.0,103.0,3.0,3,,,,Siap Huni,,,1550000000.0,Rumah LT 103 Strategis 10 Menit ke Rs Permata Depok Dibantu KPR J40175,Pancoran Mas,https://www.rumah123.com/properti/depok-pancoran-mas/rumah-lt-103-strategis-10-menit-ke-rs-permata-depok-dibantu-kpr-j40175-hos40897761/,rumah123_playwright,2026-04-19T12:16:11.042515
Depok,238.0,238.0,3.0,2,,,,Siap Huni,,,1880000000.0,Rumah Luas Strategis 8 Menit ke Mall Depok Town Center Dibantu KPR J-38634,Pancoran Mas,https://www.rumah123.com/properti/depok-pancoran-mas/rumah-luas-strategis-8-menit-ke-mall-depok-town-center-dibantu-kpr-j38634-hos40393917/,rumah123_playwright,2026-04-19T12:16:19.111154
Depok,100.0,75.0,4.0,2,,,SHM,,,,1240000000.0,Rumah SHM 2 Lt Luas 9 Menit ke Rs Permata Depok Dibantu KPR J-38095,Pancoran Mas,https://www.rumah123.com/properti/depok-pancoran-mas/rumah-shm-2-lt-luas-9-menit-ke-rs-permata-depok-dibantu-kpr-j38095-hos40374202/,rumah123_playwright,2026-04-19T12:16:27.930753
Depok,50.0,77.0,2.0,1,,,SHM,Siap Huni,,,670000000.0,Rumah SHM Hadap Selatan 6 Menit ke Rs Citra Medika Depok J-37469,Cilodong,https://www.rumah123.com/properti/depok-cilodong/rumah-shm-hadap-selatan-6-menit-ke-rs-citra-medika-depok-j37469-hos41099382/,rumah123_playwright,2026-04-19T12:16:36.545925
Depok,65.0,121.0,2.0,1,,,SHM,,,,710000000.0,Rumah LT 121 Strategis 15 Menit ke Stasiun Depok 1 Lt Dibantu KPR J28215,Cipayung,https://www.rumah123.com/properti/depok-cipayung/rumah-lt-121-strategis-15-menit-ke-stasiun-depok-1-lt-dibantu-kpr-j28215-hos39329014/,rumah123_playwright,2026-04-19T12:16:45.273810
Depok,45.0,81.0,2.0,1,,,SHM,Siap Huni,,,470000000.0,Rumah 1 Lantai SHM 10 Menit ke Stasiun Depok Siap Huni Dibantu KPR J28871,Cipayung,https://www.rumah123.com/properti/depok-cipayung/rumah-1-lantai-shm-10-menit-ke-stasiun-depok-siap-huni-dibantu-kpr-j28871-hos40619930/,rumah123_playwright,2026-04-19T12:16:53.964992
Depok,70.0,72.0,2.0,1,,,SHM,Siap Huni,,,490000000.0,Rumah SHM Terawat 7 Menit ke Stasiun Citayam SHM Bebas Banjir J22140,Citayam,https://www.rumah123.com/properti/depok-citayam/rumah-shm-terawat-7-menit-ke-stasiun-citayam-shm-bebas-banjir-j22140-hos41154061/,rumah123_playwright,2026-04-19T12:17:02.762018
Depok,95.0,98.0,4.0,2,,,,Siap Huni,,,1330000000.0,Rumah 4 Kt Siap Huni 7 Menit ke Mall Pesona Square Dibantu KPR J36508,Sukmajaya,https://www.rumah123.com/properti/depok-sukmajaya/rumah-4-kt-siap-huni-7-menit-ke-mall-pesona-square-dibantu-kpr-j36508-hos40619931/,rumah123_playwright,2026-04-19T12:17:30.795040
Depok,54.0,84.0,2.0,1,,,SHM,Siap Huni,,,500000000.0,Rumah SHM Hadap Utara 15 Menit ke Rs Permata Depok Dibantu KPR J-31119,Citayam,https://www.rumah123.com/properti/depok-citayam/rumah-shm-hadap-utara-15-menit-ke-rs-permata-depok-dibantu-kpr-j31119-hos41011802/,rumah123_playwright,2026-04-19T12:17:39.557623
Depok,54.0,83.0,2.0,1,,,,Siap Huni,,,850000000.0,Rumah Strategis di Depok 10 Menit ke Stasiun 1 Lantai Siap Huni J41702,Cilodong,https://www.rumah123.com/properti/depok-cilodong/rumah-strategis-di-depok-10-menit-ke-stasiun-1-lantai-siap-huni-j41702-hos41022507/,rumah123_playwright,2026-04-19T12:17:47.617666
Depok,71.0,62.0,3.0,2,,,,Siap Huni,,,1220000000.0,Rumah Idaman Terawat 11 Menit ke Rs Citra Medika Depok bisa KPR J41378,Cilodong,https://www.rumah123.com/properti/depok-cilodong/rumah-idaman-terawat-11-menit-ke-rs-citra-medika-depok-bisa-kpr-j41378-hos41022517/,rumah123_playwright,2026-04-19T12:17:55.727669
Depok,36.0,84.0,2.0,2,,,SHM,Siap Huni,,,700000000.0,Rumah SHM Terawat 14 Menit ke Gerbang Tol Cimanggis Dibantu KPR J37990,Cimanggis,https://www.rumah123.com/properti/depok-cimanggis/rumah-shm-terawat-14-menit-ke-gerbang-tol-cimanggis-dibantu-kpr-j37990-hos40453381/,rumah123_playwright,2026-04-19T12:18:05.654947
Depok,72.0,72.0,2.0,1,,,SHM,Siap Huni,,,560000000.0,Rumah SHM Strategis 4 Menit ke Stasiun Citayam Dibantu KPR J-22349,Citayam,https://www.rumah123.com/properti/depok-citayam/rumah-shm-strategis-4-menit-ke-stasiun-citayam-dibantu-kpr-j22349-hos40393913/,rumah123_playwright,2026-04-19T12:18:14.514507
Depok,45.0,70.0,2.0,1,,,SHM,Siap Huni,,,610000000.0,Rumah SHM Strategis 8 Menit ke Gerbang Tol Limo 2 Dibantu Kprj41574,Limo,https://www.rumah123.com/properti/depok-limo/rumah-shm-strategis-8-menit-ke-gerbang-tol-limo-2-dibantu-kprj41574-hos41051344/,rumah123_playwright,2026-04-19T12:18:23.565275
Depok,65.0,156.0,2.0,1,,,,Siap Huni,,,1390000000.0,Rumah Asri 1 Lantai 8 Menit ke Terminal Bus Jatijajar Bebas Banjir J45000,Cilodong,https://www.rumah123.com/properti/depok-cilodong/rumah-asri-1-lantai-8-menit-ke-terminal-bus-jatijajar-bebas-banjir-j45000-hos41414947/,rumah123_playwright,2026-04-19T12:18:32.193688
Depok,54.0,77.0,2.0,1,,,SHM,Siap Huni,,,900000000.0,Rumah Hadap Selatan 10 Menit ke Gerbang Tol Brigif SHM Dibantu KPR J-38219,Pancoran Mas,https://www.rumah123.com/properti/depok-pancoran-mas/rumah-hadap-selatan-10-menit-ke-gerbang-tol-brigif-shm-dibantu-kpr-j38219-hos40347417/,rumah123_playwright,2026-04-19T12:18:40.125332
Depok,105.0,84.0,3.0,2,,,SHM,Siap Huni,,,1610000000.0,Rumah LB 105 SHM 12 Menit ke Dtc (Depok Town Center) J-40118,Limo,https://www.rumah123.com/properti/depok-limo/rumah-lb-105-shm-12-menit-ke-dtc-depok-town-center-j40118-hos40957644/,rumah123_playwright,2026-04-19T12:18:49.291722
Depok,83.0,73.0,3.0,2,,,SHM,Siap Huni,,,1330000000.0,Rumah 2 Lt SHM 7 Menit ke Rs Citra Medika Depok Dibantu KPR J-28423,Cilodong,https://www.rumah123.com/properti/depok-cilodong/rumah-2-lt-shm-7-menit-ke-rs-citra-medika-depok-dibantu-kpr-j28423-hos40831057/,rumah123_playwright,2026-04-19T12:18:58.516226
Depok,172.0,79.0,3.0,3,,,,Siap Huni,,,1110000000.0,Rumah LB 172 Hadap Selatan 15 Menit ke Ciplaz Depok J-39942,Cilodong,https://www.rumah123.com/properti/depok-cilodong/rumah-lb-172-hadap-selatan-15-menit-ke-ciplaz-depok-j39942-hos40949266/,rumah123_playwright,2026-04-19T12:19:07.102079
Depok,60.0,72.0,4.0,2,,,,Siap Huni,,,760000000.0,Rumah Hadap Selatan 9 Menit ke Stasiun Depok Dibantu KPR J-40130,Cilodong,https://www.rumah123.com/properti/depok-cilodong/rumah-hadap-selatan-9-menit-ke-stasiun-depok-dibantu-kpr-j40130-hos40949262/,rumah123_playwright,2026-04-19T12:19:15.237770
Depok,90.0,52.0,3.0,2,,,,Siap Huni,,,1390000000.0,Rumah Siap Huni 12 Menit ke Eka Hospital Margonda Hadap Selatan J39305,Beji,https://www.rumah123.com/properti/depok-beji/rumah-siap-huni-12-menit-ke-eka-hospital-margonda-hadap-selatan-j39305-hos40619937/,rumah123_playwright,2026-04-19T12:19:24.223913
Depok,90.0,65.0,3.0,2,,,,Siap Huni,,,880000000.0,Rumah 4 Menit ke Gerbang Tol Sawangan Hadap Selatan Dibantu KPR J-36836,Pancoran Mas,https://www.rumah123.com/properti/depok-pancoran-mas/rumah-4-menit-ke-gerbang-tol-sawangan-hadap-selatan-dibantu-kpr-j36836-hos40397097/,rumah123_playwright,2026-04-19T12:19:32.843325
Depok,200.0,250.0,5.0,5,2.0,,,,,,3500000000.0,"Cinere. Rumah Mewah & Premium, Cozy Modern, Terawat, Bebas Banjir",Cinere,https://www.rumah123.com/properti/depok-cinere/cinere-rumah-mewah-premium-cozy-modern-terawat-bebas-banjir-hos41215519/,rumah123_playwright,2026-04-19T12:19:41.533565
Depok,100.0,133.0,2.0,3,,,,Siap Huni,,,890000000.0,Rumah Luas Siap Huni 15 Menit ke The Park Sawangan J-16834,Pancoran Mas,https://www.rumah123.com/properti/depok-pancoran-mas/rumah-luas-siap-huni-15-menit-ke-the-park-sawangan-j16834-hos41011584/,rumah123_playwright,2026-04-19T12:19:50.196994
Depok,40.0,72.0,2.0,1,1.0,,,Siap Huni,,,400000000.0,Rumah Siap Huni Deket Stasiun Tanpa DP bisa KPR Lingkungan Nyaman,Sawangan,https://www.rumah123.com/properti/depok-sawangan/rumah-siap-huni-deket-stasiun-tanpa-dp-bisa-kpr-lingkungan-nyaman-hos41357991/,rumah123_playwright,2026-04-19T12:20:02.085645
Depok,70.0,144.0,2.0,2,2.0,,,,,,1300000000.0,Jual Cepat Citra Lake Sawangan Kota Depok,Sawangan,https://www.rumah123.com/properti/depok-sawangan/jual-cepat-citra-lake-sawangan-kota-depok-hos40075798/,rumah123_playwright,2026-04-19T12:20:08.373397
Depok,200.0,110.0,4.0,2,1.0,,,,,,1800000000.0,Rumah Dekat Jalan.margonda dan Toll serta Kampus Ui,Beji,https://www.rumah123.com/properti/depok-beji/rumah-dekat-jalanmargonda-dan-toll-serta-kampus-ui-hos41107422/,rumah123_playwright,2026-04-19T12:20:15.781731
Depok,220.0,120.0,4.0,2,1.0,,,,,,1800000000.0,Rumah Lantai Pinggir Tol Juanda,Beji,https://www.rumah123.com/properti/depok-beji/rumah-lantai-pinggir-tol-juanda-hos41102207/,rumah123_playwright,2026-04-19T12:20:50.242207
Depok,60.0,84.0,2.0,2,,,SHM,Siap Huni,,,780000000.0,Rumah 2 LT SHM 8 Menit ke Trans Studio Cibubur Dibantu KPR J-38382,Cimanggis,https://www.rumah123.com/properti/depok-cimanggis/rumah-2-lt-shm-8-menit-ke-trans-studio-cibubur-dibantu-kpr-j38382-hos41181216/,rumah123_playwright,2026-04-19T12:21:10.556379
Depok,40.0,40.0,2.0,2,1.0,,,,,,850000000.0,"""Rumah Murah Strategis, Hanya 5 Menit ke Tol!""",Sawangan,https://www.rumah123.com/properti/depok-sawangan/promo-rumah-minimalis-sawangan-depok-cicilan-ringan-hos41220793/,rumah123_playwright,2026-04-19T12:21:25.683235
Depok,75.0,65.0,3.0,2,2.0,,,Baru,,,875000000.0,Rumah Siap Huni 900 Meter ke Pintu Tol di Pancoran Mas Depok,Pancoran Mas,https://www.rumah123.com/properti/depok-pancoran-mas/rumah-murah-siap-huni-di-pancoran-mas-900-meter-ke-pintu-tol-hos18364228/,rumah123_playwright,2026-04-19T12:21:48.877611
Depok,36.0,72.0,2.0,1,2.0,,,Baru,,,499000000.0,Rumah Dekat Stasiun Kereta Api Citayam Fasilitas Lengkap,Citayam,https://www.rumah123.com/properti/depok-citayam/rumah-dekat-stasiun-kereta-api-citayam-fasilitas-lengkap-hos19110501/,rumah123_playwright,2026-04-19T12:22:09.699717
Depok,164.0,153.0,3.0,3,4.0,,,,,,3000000000.0,Cluster Nahara Timur ( Cluster dengan Rumah Mewah ),Tapos,https://www.rumah123.com/properti/depok-tapos/cluster-nahara-timur-cluster-dengan-rumah-mewah-hos41199900/,rumah123_playwright,2026-04-19T12:22:32.410180
Depok,36.0,45.0,2.0,1,1.0,,SHM,,,,275000000.0,Cluster Harga Terjangkau,Cinangka,https://www.rumah123.com/properti/depok-cinangka/cluster-harga-terjangkau-hos41390403/,rumah123_playwright,2026-04-19T12:22:57.178343
Depok,60.0,75.0,2.0,1,2.0,,,Siap Huni,,,510000000.0,Jual Rumah Se Isinya Siap Huni Garansi Maintenance 6 Bulan,Depok II,https://www.rumah123.com/properti/depok-depok-ii/jual-rumah-se-isinya-siap-huni-garansi-maintenance-6-bulan-hos41373688/,rumah123_playwright,2026-04-19T12:23:18.136325
Depok,100.0,112.0,3.0,2,,,,Siap Huni,,,1830000000.0,Rumah LT 112 Hadap Selatan 8 Menit ke Stasiun Depok Dibantu KPR J-44222,Cipayung,https://www.rumah123.com/properti/depok-cipayung/rumah-lt-112-hadap-selatan-8-menit-ke-stasiun-depok-dibantu-kpr-j44222-hos41383677/,rumah123_playwright,2026-04-19T12:23:37.123696
Depok,98.0,70.0,3.0,2,1.0,,,,,,999000000.0,Rumah Mewah 2.Lantai Pintu Tol dan Stasiun Kereta,Rangkapanjaya,https://www.rumah123.com/properti/depok-rangkapanjaya/rumah-mewah-2lantai-pintu-tol-dan-stasiun-kereta-hos39643506/,rumah123_playwright,2026-04-19T12:24:06.035400
Depok,115.0,120.0,2.0,1,2.0,,SHM,Baru,,,1180000000.0,"Rumah Cantik Tropis Siap Huni di Depok - Lokasi Strategis, Dekat Toll, Bebas Banjir, Bonus Taman Belakang Instagramable, Lingkungan Aman & Nyaman!",Tanah Baru,https://www.rumah123.com/properti/depok-tanah-baru/rumah-cantik-tropis-siap-huni-di-depok-lokasi-strategis-dekat-toll-bebas-banjir-bonus-taman-belakang-instagramable-hos40312636/,rumah123_playwright,2026-04-19T12:24:29.681976
Depok,220.0,262.0,4.0,4,,,,,,,3500000000.0,Rumah Minimalis Dilengkapi Kolam Renang Dalam Komplek Perumahan,Pancoran Mas,https://www.rumah123.com/properti/depok-pancoran-mas/rumah-minimalis-dilengkapi-kolam-renang-dalam-komplek-perumahan-hos40852326/,rumah123_playwright,2026-04-19T12:24:53.784513
Depok,360.0,360.0,4.0,4,4.0,,SHM,Bagus,,,6500000000.0,Rumah Hook di Bukit Cinere Indah Kompleks Besar Bagus Asri SHM,Cinere,https://www.rumah123.com/properti/depok-cinere/rumah-hook-di-bukit-cinere-indah-kompleks-besar-bagus-asri-shm-hos41149246/,rumah123_playwright,2026-04-19T12:25:09.552045
Depok,47.0,72.0,2.0,1,1.0,,,Siap Huni,,,870000000.0,Rumah Siap Huni Mampang Hills Depok | Dekat Tol Desari | Renovasi,Pancoran Mas,https://www.rumah123.com/properti/depok-pancoran-mas/rumah-siap-huni-mampang-hills-depok-dekat-tol-desari-renovasi-hos41349601/,rumah123_playwright,2026-04-19T12:25:26.995633
Depok,134.0,77.0,5.0,2,2.0,,,Siap Huni,,,1600000000.0,Rumah Dekat Ui Full Furnished. Siap Huni. 2 Menit ke Tol. [Tanpa Perantara],Kukusan,https://www.rumah123.com/properti/depok-kukusan/rumah-siap-huni-area-jagakarsa-jaksel-2-menit-dari-tol-full-furnished-hos41347251/,rumah123_playwright,2026-04-19T12:25:45.056143
Depok,40.0,60.0,2.0,1,2.0,,,Baru,,,550000000.0,Rumah Murah 700 Meter ke Gerbang Tol di Pancoran Mas Depok,Pancoran Mas,https://www.rumah123.com/properti/depok-pancoran-mas/rumah-murah-700-meter-ke-gerbang-tol-di-pancoran-mas-depok-hos40906214/,rumah123_playwright,2026-04-19T12:26:03.509225
Depok,250.0,118.0,4.0,5,2.0,,SHM,Baru,,,3900000000.0,Rumah di Andara Depan Gate Toll Andara Free BPHTB SHM,Pangkalan Jati,https://www.rumah123.com/properti/depok-pangkalan-jati/jual-rumah-andara-5-menit-ke-toll-gate-andara-hos38951076/,rumah123_playwright,2026-04-19T12:26:19.968385
Depok,98.0,70.0,3.0,2,1.0,,,Baru,,,999000000.0,"Rumah Classic Dekat Stasiun, Pintu Tol Desari & Transjakarta",Pancoran Mas,https://www.rumah123.com/properti/depok-pancoran-mas/rumah-mewah-2-lantai-classic-modern-5-menit-dari-pintu-tol-hos19464689/,rumah123_playwright,2026-04-19T12:26:48.745312
Depok,72.0,58.0,4.0,2,2.0,,,Siap Huni,,,900000000.0,Rumah 2 Lantai Siap Huni Deket Rs Bhayangkara Brimob Stasiun Ui,Kelapa Dua,https://www.rumah123.com/properti/depok-kelapa-dua/rumah-2-lantai-siap-huni-deket-rs-bhayangkara-brimob-stasiun-ui-hos17775615/,rumah123_playwright,2026-04-19T12:27:09.943330
Depok,160.0,142.0,4.0,3,1.0,,,Bagus,,,2000000000.0,Dijual Cepat Rumah Bagus di Pancoran Mas,Pancoran Mas,https://www.rumah123.com/properti/depok-pancoran-mas/dijual-cepat-rumah-bagus-di-pancoran-mas-hos41179226/,rumah123_playwright,2026-04-19T12:27:24.876518
Depok,100.0,168.0,4.0,3,1.0,,,Siap Huni,,,1900000000.0,Rumah Premium Bella Casa Depok Adem & Siap Huni!,Pancoran Mas,https://www.rumah123.com/properti/depok-pancoran-mas/rumah-premium-bella-casa-depok-adem-siap-huni-hos41337885/,rumah123_playwright,2026-04-19T12:27:50.212473
Depok,100.0,70.0,3.0,2,,,SHM,Baru,,,1100000000.0,Rumah Baru 2 Lantai di Depok Carport 2 Mobil! SHM Dekat Pintu Tol Siap Huni,Sukmajaya,https://www.rumah123.com/properti/depok-sukmajaya/rumah-baru-2-lantai-di-depok-cluster-eksklusif-29-unit-carport-2-mobil-shm-dekat-pintu-tol-hos41235962/,rumah123_playwright,2026-04-19T12:27:57.901025
Depok,36.0,72.0,2.0,1,2.0,,,Baru,,,471000000.0,Rumah aesthetic jalan besar fasilitas lengkap 10 menit stasiun,Citayam,https://www.rumah123.com/properti/depok-citayam/rumah-aesthetic-jalan-besar-fasilitas-lengkap-10-menit-stasiun-hos19255513/,rumah123_playwright,2026-04-19T12:28:06.187587
Depok,73.0,60.0,3.0,2,1.0,,,Baru,,,697000000.0,Rumah Baru Siaphuni Strategis Hanya 10 Menit ke Tol Desari,Sawangan,https://www.rumah123.com/properti/depok-sawangan/rumah-scandinavian-strategis-hanya-10-menit-ke-tol-desari-hos40954080/,rumah123_playwright,2026-04-19T12:28:16.110332
Depok,72.0,52.0,3.0,2,2.0,,,,,,900000000.0,Rumah 2.5 Lantai Pinggir Jalan Gas Alam Depok,Sukatani,https://www.rumah123.com/properti/depok-sukatani/rumah-25-lantai-pinggir-jalan-gas-alam-depok-hos41272398/,rumah123_playwright,2026-04-19T12:28:24.362156
Depok,735.0,1413.0,6.0,5,10.0,,SHM,,,,4800000000.0,Rumah 2 Lantai di Jl Cakung Tapos Kota Depok LT 1.413M2.dekat.lap.golf Riverside Murah Good Invest,Tapos,https://www.rumah123.com/properti/depok-tapos/rumah-mewah-2-lantai-di-jl-cakung-tapos-kota-depok-lt-1413m2-cash-only-njop-62m-hitung-tanah-hos40307187/,rumah123_playwright,2026-04-19T12:28:31.023593
Depok,80.0,70.0,3.0,3,2.0,,,,,,1400000000.0,Rumah 2 Lantai Dekat Universitas Indonesia Di Kukusan Depok,Kukusan,https://www.rumah123.com/properti/depok-kukusan/rumah-2-lantai-dekat-universitas-indonesia-di-kukusan-depok-hos40037153/,rumah123_playwright,2026-04-19T12:28:40.576334
Depok,90.0,60.0,3.0,2,2.0,,,Baru,,,850000000.0,Rumah Minimalis Dekat Stasiun Kereta Depok Baru,Kukusan,https://www.rumah123.com/properti/depok-kukusan/rumah-minimalis-dekat-stasiun-kereta-depok-baru-hos41400821/,rumah123_playwright,2026-04-19T12:28:52.201842
Depok,77.0,203.0,3.0,2,1.0,,,,,,1700000000.0,Rumah Asri Luas Mountain View Akses Super Lebar Fasilitas Lengkap,Cilodong,https://www.rumah123.com/properti/depok-cilodong/rumah-asri-luas-mountain-view-akses-super-lebar-fasilitas-lengkap-hos41431888/,rumah123_playwright,2026-04-19T12:29:00.274962
Depok,40.0,60.0,2.0,1,2.0,,,Baru,,,220000000.0,Rumah Baru Lokasi Depok Lokasi Strategis,Sawangan,https://www.rumah123.com/properti/depok-sawangan/rumah-baru-pinggir-jalan-lokasi-depok-hos9587715/,rumah123_playwright,2026-04-19T12:29:11.208058
Depok,40.0,60.0,2.0,1,2.0,,,,,,225000000.0,Rumah di Lokasi Depok Harga Murah,Sawangan,https://www.rumah123.com/properti/depok-sawangan/rumah-di-lokasi-depok-harga-murah-hos17938016/,rumah123_playwright,2026-04-19T12:29:19.954408
Depok,40.0,60.0,2.0,1,2.0,,,Baru,,,285000000.0,Rumah di jual lokasi depok dekat stasiun,Sawangan,https://www.rumah123.com/properti/depok-sawangan/rumah-di-jual-lokasi-depok-dekat-stasiun-hos39998457/,rumah123_playwright,2026-04-19T12:29:30.953095
Depok,40.0,60.0,2.0,1,1.0,,,,,,255000000.0,Rumah Dijual Lokasi Depok Harga Terjangaku,Sawangan,https://www.rumah123.com/properti/depok-sawangan/rumah-dijual-lokasi-depok-harga-terjangaku-hos17671115/,rumah123_playwright,2026-04-19T12:29:40.875922
Depok,69.0,61.0,3.0,2,1.0,,,Baru,,,1090000000.0,Rumah Kelapa Dua Depok Lokasi Super Strategis,Kelapa Dua,https://www.rumah123.com/properti/depok-kelapa-dua/rumah-kelapa-dua-depok-lokasi-super-strategis-hos41404308/,rumah123_playwright,2026-04-19T12:29:49.242259
Depok,90.0,52.0,3.0,2,,,SHM,Siap Huni,,,1350000000.0,Rumah Minimalis 10 Menit ke Gerbang Tol Kukusan 1 SHM Siap Huni J38350,Beji,https://www.rumah123.com/properti/depok-beji/rumah-minimalis-10-menit-ke-gerbang-tol-kukusan-1-shm-siap-huni-j38350-hos40477031/,rumah123_playwright,2026-04-19T12:29:57.834347
Depok,683.0,740.0,6.0,4,4.0,,,Bagus,,,4910000000.0,Rumah Cantik di Komplek Elit,Depok I,https://www.rumah123.com/properti/depok-depok-i/rumah-cantik-di-komplek-elit-hos40285240/,rumah123_playwright,2026-04-19T12:30:06.043875
Depok,39.0,60.0,2.0,1,1.0,,,Baru,,,550000000.0,Rummah Scandanaian.dekat Pintu Tol Krukit,Tanah Baru,https://www.rumah123.com/properti/depok-tanah-baru/rummah-pintu-tol-krukit-hos40793750/,rumah123_playwright,2026-04-19T12:30:15.586061
Depok,52.0,73.0,,3,3.0,,,Baru,,,765000000.0,Rumah Sandanavian Hanya Rp 700Jutaan Dekat Pintu Tol Kukusan,Tanah Baru,https://www.rumah123.com/properti/depok-tanah-baru/rumah-sandanavian-hanya-rp-700jutaan-hos40688278/,rumah123_playwright,2026-04-19T12:30:23.114737
Depok,1500.0,1450.0,80.0,80,,,,,,,5200000000.0,Rumah Kos 80 Kamar Dekat Kampus Gunadarma dan Ui Turun Harga Murah Banget,Kelapa Dua,https://www.rumah123.com/properti/depok-kelapa-dua/rumah-kos-80-kamar-dekat-kampus-gunadarma-dan-ui-turun-harga-murah-banget-hos8049793/,rumah123_playwright,2026-04-19T12:30:30.730919
Depok,82.0,60.0,3.0,2,2.0,,,Baru,,,1020000000.0,Dekat Akses LRT Rumah 2 Lantai Lokasi Pinggir Jalan Raya,Cimanggis,https://www.rumah123.com/properti/depok-cimanggis/dekat-akses-lrt-rumah-2-lantai-lokasi-pinggir-jalan-raya-hos41324272/,rumah123_playwright,2026-04-19T12:30:38.225272
Depok,46.0,60.0,2.0,2,2.0,,,Baru,,,765000000.0,Termurah Dekat LRT dan Tol Cibubur,Cimanggis,https://www.rumah123.com/properti/depok-cimanggis/termurah-dekat-lrt-dan-tol-cibubur-hos41310990/,rumah123_playwright,2026-04-19T12:31:03.773560
Depok,70.0,56.0,3.0,2,2.0,,,Baru,,,977000000.0,Rumah Nempel Jaksel 2 KM ke Tol Kukusan,Tanah Baru,https://www.rumah123.com/properti/depok-tanah-baru/rumah-nempel-jaksel-2-km-ke-tol-kukusan-hos41372885/,rumah123_playwright,2026-04-19T12:31:13.560020
Depok,90.0,72.0,3.0,2,2.0,,,Baru,,,1100000000.0,Classic Housedekat Stasiu Depok Lama Pusat Fasilitas,Cilodong,https://www.rumah123.com/properti/depok-cilodong/classic-housedekat-stasiu-depok-lama-pusat-fasilitas-hos41358354/,rumah123_playwright,2026-04-19T12:31:26.205894
Depok,86.0,86.0,2.0,1,1.0,,,,,,500000000.0,Jual Rumah Citayam,Citayam,https://www.rumah123.com/properti/depok-citayam/rumah-kesayangan-dijual-persiapan-bangun-keluarga-baru-hos41384188/,rumah123_playwright,2026-04-19T12:31:34.181745
Depok,235.0,200.0,5.0,4,2.0,,,,,,1750000000.0,Rumah Keren Tanah Nya Luas Banget Dekat Stasiun Depok Lama dan Gdc,Grand Depok City,https://www.rumah123.com/properti/depok-grand-depok-city/rumah-keren-tanah-nya-luas-banget-dekat-stasiun-depok-lama-dan-gdc-hos40796035/,rumah123_playwright,2026-04-19T12:31:44.478049
Depok,60.0,98.0,3.0,1,2.0,,,Siap Huni,,,1180000000.0,"Rumah Dijual Dalam Perumahan Dekat Gerbang Tol Limo, Depok",Limo,https://www.rumah123.com/properti/depok-limo/rumah-dijual-dalam-perumahan-dekat-gerbang-tol-limo-depok-hos18698565/,rumah123_playwright,2026-04-19T12:31:55.269603
Depok,70.0,70.0,3.0,2,2.0,,,Baru,,,700000000.0,Rumah 2 Lantai Siap Huni Akses Lebar Dekat Tol Desari,Pancoran Mas,https://www.rumah123.com/properti/depok-pancoran-mas/rumah-2-lantai-murah-siap-huni-dekat-tol-desari-akses-lebar-hos40570955/,rumah123_playwright,2026-04-19T12:32:08.447862
Depok,72.0,52.0,3.0,2,2.0,,,,,,900000000.0,Rumah 2.5 Lantai + Rooftop Dekat LRT Harjamukti,Sukatani,https://www.rumah123.com/properti/depok-sukatani/rumah-25-lantai-rooftop-dekat-lrt-harjamukti-hos41272539/,rumah123_playwright,2026-04-19T12:32:17.484532
Depok,80.0,70.0,3.0,3,2.0,,,,,,1400000000.0,Rumah 2 Lantai Di Beji Selangkah Ke Tol Kukusan,Beji,https://www.rumah123.com/properti/depok-beji/rumah-2-lantai-di-beji-selangkah-ke-tol-kukusan-hos40085778/,rumah123_playwright,2026-04-19T12:32:27.050133
Depok,70.0,60.0,3.0,2,2.0,,,Baru,,,980000000.0,Rumah 2 Lantai 2 Kman ke LRT dan Tol Cibubur,Cimanggis,https://www.rumah123.com/properti/depok-cimanggis/rumah-2-lantai-2-kman-ke-lrt-dan-tol-cibubur-hos41295738/,rumah123_playwright,2026-04-19T12:32:38.132798
Depok,320.0,432.0,3.0,3,2.0,,,,,,3950000000.0,"Jual Cepat/Bu - Good Deal, Nego, Rumah di Cinere Megapolitan, Depok",Cinere,https://www.rumah123.com/properti/depok-cinere/jual-cepatbu-good-deal-nego-rumah-di-cinere-megapolitan-depok-hos41301905/,rumah123_playwright,2026-04-19T12:32:49.583392
Depok,650.0,505.0,7.0,5,3.0,,,,,,3500000000.0,Rumah Hook Mewah 5Menit LRT Harjamukti,Harjamukti,https://www.rumah123.com/properti/depok-harjamukti/rumah-hook-mewah-5menit-lrt-harjamukti-hos40476910/,rumah123_playwright,2026-04-19T12:33:00.238289
Depok,90.0,87.0,3.0,3,1.0,,,,,,850000000.0,Rumah Second Dalam Townhouse Dalam Perumahan Perumnas Depok Utara,Beji,https://www.rumah123.com/properti/depok-beji/rumah-second-dalam-townhouse-dalam-perumahan-perumnas-depok-utara-hos41423884/,rumah123_playwright,2026-04-19T12:33:09.575336
Depok,76.0,38.0,3.0,2,1.0,,,Baru,,,630000000.0,Dipasarkan Rumah 2 Lantai Nempel Margonda Depok,Pancoran Mas,https://www.rumah123.com/properti/depok-pancoran-mas/dipasarkan-rumah-2-lantai-nempel-margonda-depok-hos41422342/,rumah123_playwright,2026-04-19T12:33:19.359776
Depok,93.0,93.0,3.0,2,,,,Siap Huni,,,1110000000.0,Rumah Hadap Selatan 8 Menit ke Gerbang Tol Kukusan 3 Siap KPR J-38775,Beji,https://www.rumah123.com/properti/depok-beji/rumah-hadap-selatan-8-menit-ke-gerbang-tol-kukusan-3-siap-kpr-j38775-hos40393915/,rumah123_playwright,2026-04-19T12:33:30.358199
Depok,68.0,90.0,3.0,2,,,,Siap Huni,,,1660000000.0,Rumah Minimalis 15 Menit ke Gerbang Tol Cimanggis Bebas Banjir J40242,Cimanggis,https://www.rumah123.com/properti/depok-cimanggis/rumah-minimalis-15-menit-ke-gerbang-tol-cimanggis-bebas-banjir-j40242-hos40897764/,rumah123_playwright,2026-04-19T12:33:41.931672
Depok,202.0,101.0,4.0,3,,,,Siap Huni,,,2210000000.0,Rumah LB 202 Hadap Selatan 5 Menit ke Gerbang Tol Margonda J-39938,Beji,https://www.rumah123.com/properti/depok-beji/rumah-lb-202-hadap-selatan-5-menit-ke-gerbang-tol-margonda-j39938-hos40892316/,rumah123_playwright,2026-04-19T12:33:51.588464
Depok,100.0,100.0,3.0,2,,,,Siap Huni,,,1770000000.0,Rumah Carport Luas 15 Menit ke Gerbang Tol Cisalak 4 Dibantu KPR J42433,Sukmajaya,https://www.rumah123.com/properti/depok-sukmajaya/rumah-carport-luas-15-menit-ke-gerbang-tol-cisalak-4-dibantu-kpr-j42433-hos41064419/,rumah123_playwright,2026-04-19T12:34:01.510266
Depok,40.0,61.0,2.0,1,,,SHM,Siap Huni,,,670000000.0,Rumah 10 Mnt ke Rs Citra Medika Depok SHM Siap Huni Siap KPR J-43596,Cilodong,https://www.rumah123.com/properti/depok-cilodong/rumah-10-mnt-ke-rs-citra-medika-depok-shm-siap-huni-dibantu-kpr-43596-hos41181214/,rumah123_playwright,2026-04-19T12:34:11.035035
Depok,492.0,428.0,5.0,6,2.0,,,,,,7250000000.0,Puri Cinere Carport 4 Mobil Layout Plong Swimming Pool Harga Paling Murah di Levelnya,Cinere,https://www.rumah123.com/properti/depok-cinere/rumah-luas-492m-swimming-pool-desain-mewah-dalam-komplek-elite-hos39312818/,rumah123_playwright,2026-04-19T12:34:22.283697
Depok,250.0,420.0,6.0,3,3.0,,,Siap Huni,,,2800000000.0,Rumah Harga NJOP Tanah Luas Bangunan Terawat Dekat Tol Limo,Cinere,https://www.rumah123.com/properti/depok-cinere/rumah-siap-huni-di-cinere-lt-420m-halaman-luas-best-price-hos41374947/,rumah123_playwright,2026-04-19T12:34:54.122052
Depok,150.0,244.0,5.0,3,4.0,,,,,,2100000000.0,Megapolitan Cinere Depok Jarang Ada,Cinere,https://www.rumah123.com/properti/depok-cinere/megapolitan-cinere-depok-jarang-ada-hos18069998/,rumah123_playwright,2026-04-19T12:35:05.549434
Depok,80.0,50.0,3.0,2,1.0,,,Baru,,,932000000.0,"Rumah Siap Huni,Pinggir Jalan Utama,10 Menit ke LRT Harjamukti",Cimanggis,https://www.rumah123.com/properti/depok-cimanggis/rumah-siap-hunipinggir-jalan-utama-diradar-auri-depok-hos41353166/,rumah123_playwright,2026-04-19T12:35:17.824716
Depok,160.0,160.0,4.0,3,,,,Siap Huni,,,2550000000.0,Rumah LT 160 Hadap Timur 6 Menit ke Rs Citra Medika Depok Dibantu KPR J-37606,Sukmajaya,https://www.rumah123.com/properti/depok-sukmajaya/rumah-lt-160-hadap-timur-6-menit-ke-rs-citra-medika-depok-dibantu-kpr-j37606-hos40402195/,rumah123_playwright,2026-04-19T12:35:31.758614
Depok,70.0,60.0,3.0,2,2.0,,,Baru,,,780000000.0,Rumah 2 Lantai Dinding Bata Merah Dekat Tol Cimanggis,Cimanggis,https://www.rumah123.com/properti/depok-cimanggis/rumah-2-lantai-dinding-bata-merah-dekat-tol-cimanggis-hos41299344/,rumah123_playwright,2026-04-19T12:35:44.330565
Depok,250.0,297.0,4.0,3,3.0,,,,,,2490000000.0,Rumah Andara Fatmawati Murah(Harga Tanah Saja),Pangkalan Jati,https://www.rumah123.com/properti/depok-pangkalan-jati/rumah-andara-fatmawati-murahharga-tanah-saja-hos41338964/,rumah123_playwright,2026-04-19T12:35:55.084024
Depok,85.0,60.0,3.0,2,2.0,,,Baru,,,2000000000.0,Dijual Rumah Baru 2 Lantai Kondisi Baik Lokasi Strategis Dekat Sekolah,Margonda,https://www.rumah123.com/properti/depok-margonda/dijual-rumah-baru-2-lantai-kondisi-baik-lokasi-strategis-dekat-sekolah-hos41103887/,rumah123_playwright,2026-04-19T12:36:04.040859
Depok,27.0,72.0,2.0,1,2.0,,,,,,400000000.0,Rumah Cluster Cantik Dekat Stasiun Citayam,Citayam,https://www.rumah123.com/properti/depok-citayam/rumah-cluster-cantik-dekat-stasiun-citayam-hos19089378/,rumah123_playwright,2026-04-19T12:36:12.223587
Depok,42.0,99.0,2.0,1,1.0,,,Siap Huni,,,725000000.0,Rumah Tropis Siap Huni Lokasi Stretegis di Depok,Sawangan,https://www.rumah123.com/properti/depok-sawangan/rumah-tropis-bali-hos41203759/,rumah123_playwright,2026-04-19T12:36:19.799591
Depok,200.0,169.0,3.0,2,3.0,,,Siap Huni,,,2700000000.0,Dijual Cepat Rumah Mewah di Kompleks Megapolitan Cinere Blok.j.murah Bisa.nego,Cinere,https://www.rumah123.com/properti/depok-cinere/dijual-cepat-rumah-mewah-di-kompleks-megapolitan-cinere-blokjmurah-bisanego-hos39491939/,rumah123_playwright,2026-04-19T12:36:30.216808
Depok,120.0,72.0,4.0,3,4.0,,,Baru,,,985000000.0,Rumah Furnished 4 Kamar Tidur Dekat Gerbang Tol Depok,Beji,https://www.rumah123.com/properti/depok-beji/rumah-furnished-lingkungan-asri-dekat-gerbang-tol-depok-hos41072672/,rumah123_playwright,2026-04-19T12:36:42.616235
Depok,130.0,72.0,4.0,3,4.0,,,,,,950000000.0,Rumah Furnished di Pancoran Mas Akses 900 Meter ke Pintu Tol,Pancoran Mas,https://www.rumah123.com/properti/depok-pancoran-mas/rumah-furnished-rooftop-cozy-di-pancoran-mas-dekat-tol-hos19373954/,rumah123_playwright,2026-04-19T12:36:54.689672
Depok,50.0,60.0,3.0,2,2.0,,,,,,700000000.0,Rumah Murah 600 Meter ke Gerbang Tol Limo Depok,Limo,https://www.rumah123.com/properti/depok-limo/rumah-murah-600-meter-ke-gerbang-tol-limo-depok-hos40722339/,rumah123_playwright,2026-04-19T12:37:05.744098
Depok,240.0,4585.0,1.0,5,,,SHM,,,,22900000000.0,Tanah dan Bangunan di Bojongsari Depok Luas 4.585M2 SHM Strategis,Bojong Sari,https://www.rumah123.com/properti/depok-bojong-sari/tanah-dan-bangunan-di-bojongsari-depok-luas-4585m2-shm-strategis-hos41191117/,rumah123_playwright,2026-04-19T12:37:13.838587
Depok,40.0,60.0,2.0,1,2.0,,,Baru,,,615000000.0,Termurah Dinding Bata Merah 600 Jutaan 5 Menit ke Tol Cimanggis,Cimanggis,https://www.rumah123.com/properti/depok-cimanggis/termurah-dinding-bata-merah-600-jutaan-5-menit-ke-tol-cimanggis-hos41301445/,rumah123_playwright,2026-04-19T12:37:23.310142
Depok,70.0,60.0,3.0,2,2.0,,,Baru,,,780000000.0,Rumah 2 Lantai Dinding Bata Merah Dekat Tol Cimanggis,Tapos,https://www.rumah123.com/properti/depok-tapos/rumah-2-lantai-dinding-bata-merah-dekat-tol-cimanggis-hos41295859/,rumah123_playwright,2026-04-19T12:37:32.703789
Depok,100.0,65.0,3.0,3,4.0,,,Baru,,,1000000000.0,Rumah Furnished Akses Lebar Dekat Tol Limo Depok,Limo,https://www.rumah123.com/properti/depok-limo/rumah-furnished-modern-dekat-tol-limo-depok-hos18286525/,rumah123_playwright,2026-04-19T12:37:44.801743
Depok,155.0,123.0,4.0,2,1.0,,,Siap Huni,,,1250000000.0,Dijual Murah Rumah 2 Lantai Siap Huni di Bojongsari Depok,Bojong Sari,https://www.rumah123.com/properti/depok-bojong-sari/dijual-murah-rumah-2-lantai-siap-huni-di-bojongsari-depok-hos40692638/,rumah123_playwright,2026-04-19T12:37:52.256782
Depok,100.0,60.0,3.0,3,2.0,,,,,,816000000.0,Rumah 2 Lantai Modern Terlaris Dekat Tol Di Depok,Bojong Sari,https://www.rumah123.com/properti/depok-bojong-sari/rumah-2-lantai-modern-terlaris-dekat-tol-di-depok-hos15637518/,rumah123_playwright,2026-04-19T12:38:02.339218
Depok,300.0,665.0,4.0,4,3.0,,,,,,4500000000.0,Bawah NJOP Murah Rumah Lama Butuh Renov di Cinere Dalam Komplek,Cinere,https://www.rumah123.com/properti/depok-cinere/bawah-njop-murah-rumah-lama-butuh-renov-di-cinere-dalam-komplek-hos16260132/,rumah123_playwright,2026-04-19T12:38:09.801764
Depok,100.0,126.0,3.0,2,1.0,,,Bagus,,,1200000000.0,Dijual Murah Rumah di Limo Dekat Pintu Tol,Cinere,https://www.rumah123.com/properti/depok-cinere/dijual-murah-rumah-di-limo-dekat-pintu-tol-hos41319289/,rumah123_playwright,2026-04-19T12:38:35.117014
Depok,100.0,96.0,3.0,3,1.0,,,,,,1800000000.0,Hunian Modern Dg 3Kamar Tidur Lokasi Persis di Pintu Tol Cimanggis,Cimanggis,https://www.rumah123.com/properti/depok-cimanggis/hunian-modern-dg-3kamar-tidur-lokasi-persis-di-pintu-tol-cimanggis-hos41415487/,rumah123_playwright,2026-04-19T12:38:43.746059
Depok,200.0,250.0,5.0,5,2.0,,,,,,3500000000.0,"Best Price Rumah 1,5 Lantai Super Nyaman di Komplek Bukit Cinere Indah",Cinere,https://www.rumah123.com/properti/depok-cinere/best-price-rumah-15-lantai-super-nyaman-di-komplek-bukit-cinere-indah-hos40656907/,rumah123_playwright,2026-04-19T12:38:52.334385
Depok,330.0,480.0,4.0,3,5.0,,,,,,2800000000.0,Dijual Cepat Rumah Dibawah NJOP & Harga Pasaran di Cinere Gandul,Gandul,https://www.rumah123.com/properti/depok-gandul/dijual-cepat-rumah-dibawah-njop-harga-pasaran-di-cinere-gandul-hos40797848/,rumah123_playwright,2026-04-19T12:39:01.437392
Depok,190.0,168.0,4.0,3,2.0,,SHM,Baru,,,2650000000.0,Rumah Baru Design Modern Siap Huni di Megapolitan Cinere,Cinere,https://www.rumah123.com/properti/depok-cinere/rumah-baru-design-modern-siap-huni-di-megapolitan-cinere-hos41364129/,rumah123_playwright,2026-04-19T12:39:10.834612
Depok,80.0,110.0,2.0,1,1.0,,,,,,1700000000.0,Dijual Rumah Cantik American Style di Cinere,Cinere,https://www.rumah123.com/properti/depok-cinere/dijual-rumah-cantik-american-style-di-cinere-hos41363959/,rumah123_playwright,2026-04-19T12:39:17.945161
Depok,260.0,240.0,5.0,3,2.0,,SHM,,,,3500000000.0,Rumah Homy Dijual Murah & Jarang Ada di Puri Cinere,Pangkalan Jati,https://www.rumah123.com/properti/depok-pangkalan-jati/rumah-homy-dijual-murah-jarang-ada-di-puri-cinere-hos38960576/,rumah123_playwright,2026-04-19T12:39:26.114599
Depok,90.0,70.0,3.0,2,2.0,,,Siap Huni,,,995000000.0,"Rumah Ready Clsuter Kalimulya Gdc Depok Dekat Stasiun, Harga bisa Nego",Cilodong,https://www.rumah123.com/properti/depok-cilodong/rumah-ready-clsuter-kalimulya-gdc-depok-dekat-stasiun-harga-bisa-nego-hos41371504/,rumah123_playwright,2026-04-19T12:39:37.935168
Depok,300.0,264.0,5.0,4,4.0,,,Bagus,,,2400000000.0,Rumah Bagus Posisi Hoek di Komplek Arco Pancoran Mas Depok,Pancoran Mas,https://www.rumah123.com/properti/depok-pancoran-mas/rumah-bagus-posisi-hoek-di-komplek-arco-pancoran-mas-depok-hos41370840/,rumah123_playwright,2026-04-19T12:39:48.594449
Depok,360.0,275.0,6.0,4,2.0,,,,,,3550000000.0,Dijual Rumah di Bumi Pusaka Cinere Hook Depan Taman.,Gandul,https://www.rumah123.com/properti/depok-gandul/dijual-rumah-di-bumi-pusaka-cinere-hook-depan-taman-hos41147235/,rumah123_playwright,2026-04-19T12:39:58.494652
Depok,248.0,250.0,4.0,4,2.0,,,Siap Huni,,,3500000000.0,"Dijual Rumah di Hook,Sangat Terawat,Cantik Siap Huni,Gaya Euro Asia di Megapolitan Cinere",Cinere,https://www.rumah123.com/properti/depok-cinere/dijual-rumah-di-hooksangat-terawatcantik-siap-hunigaya-euro-asia-di-megapolitan-cinere-hos41368252/,rumah123_playwright,2026-04-19T12:40:07.421269
Depok,223.0,183.0,4.0,3,2.0,,SHM,,,,2750000000.0,"Dijual Cepat Rumah Dibawah 3 M dan 2 Tingkat di Jalan Sakura,Cinere Depok",Cinere,https://www.rumah123.com/properti/depok-cinere/dijual-cepat-rumah-bagus-2-tingkat-di-jalan-sakuracinere-depok-hos41364777/,rumah123_playwright,2026-04-19T12:40:15.324637
Depok,72.0,98.0,1.0,2,1.0,,SHM,Siap Huni,,,1250000000.0,"Rumah Modern 2 Lantai Arkatama Townhouse Depok - SHM - 1,25 M",Depok I,https://www.rumah123.com/properti/depok-depok-i/rumah-modern-2-lantai-arkatama-townhouse-depok-shm-350-juta-hos40863610/,rumah123_playwright,2026-04-19T12:40:24.456779
Depok,200.0,161.0,4.0,4,1.0,,,Siap Huni,,,1800000000.0,Rumah 2 Lantai Hook 4 Menit ke LRT Harjamukti Busway Gt Jagorawi,Cimanggis,https://www.rumah123.com/properti/depok-cimanggis/rumah-2-lantai-hook-vila-mutiara-cibubur-2-harjamukti-depok-hos40085538/,rumah123_playwright,2026-04-19T12:40:35.955537
Depok,50.0,47.0,3.0,2,2.0,,,Baru,,,1500000000.0,Jual Rumah 2 Lantai 3 BR di Cinere Lokasi Strategis Dekat Toll,Cinere,https://www.rumah123.com/properti/depok-cinere/jual-rumah-2-lantai-3-br-di-cinere-lokasi-strategis-dekat-toll-hos39034949/,rumah123_playwright,2026-04-19T12:40:46.315660
Depok,122.0,98.0,5.0,4,4.0,,,Baru,,,2700000000.0,"For Sale Rumah Baru 2 Lantai di Area Premium Kota Wisata, Dekat Akses Tol & LRT",Cibubur,https://www.rumah123.com/properti/depok-cibubur/for-sale-rumah-baru-2-lantai-di-area-premium-kota-wisata-dekat-akses-tol-lrt-hos40613657/,rumah123_playwright,2026-04-19T12:40:55.452721
Depok,400.0,600.0,7.0,4,4.0,,,,,,4500000000.0,Rumah Luas 2 Lantai di Cinere Depok,Limo,https://www.rumah123.com/properti/depok-limo/rumah-luas-2-lantai-di-dalam-perumahan-megapolitan-cinere-hos19144229/,rumah123_playwright,2026-04-19T12:41:06.314623
Depok,100.0,72.0,3.0,3,2.0,,,Siap Huni,,,1150000000.0,Rumah Siap Huni Di Pancoran Mas 900 Meter Ke Pintu Tol Desari,Pancoran Mas,https://www.rumah123.com/properti/depok-pancoran-mas/rumah-siap-huni-di-pancoran-mas-900-meter-ke-pintu-tol-desari-hos18243215/,rumah123_playwright,2026-04-19T12:41:18.322160
Depok,185.0,180.0,4.0,4,2.0,,,Siap Huni,,,4000000000.0,Rumah 3 Lantai Tipe Hook Unfurnished di Shila At Sawangan,Sawangan,https://www.rumah123.com/properti/depok-sawangan/rumah-3-lantai-tipe-hook-unfurnished-di-shila-at-sawangan-hos41410121/,rumah123_playwright,2026-04-19T12:41:26.744768
Depok,300.0,492.0,5.0,3,,,SHM,,,,3500000000.0,"DIJUAL SEGERA Rumah di MEKARSARI, CIMANGGIS, DEPOK, JAWA BARAT",Mekarsari,https://www.rumah123.com/properti/depok-mekarsari/dijual-segera-rumah-di-mekarsari-cimanggis-depok-jawa-barat-hos40075476/,rumah123_playwright,2026-04-19T12:41:32.838191
Depok,306.0,102.0,5.0,2,,,,Siap Huni,,,940000000.0,Rumah 15 Menit ke The Park Sawangan Hadap Selatan Dibantu KPR J-38077,Citayam,https://www.rumah123.com/properti/depok-citayam/rumah-15-menit-ke-the-park-sawangan-hadap-selatan-dibantu-kpr-j38077-hos41362125/,rumah123_playwright,2026-04-19T12:42:01.435331
Depok,306.0,102.0,5.0,2,,,,Siap Huni,,,940000000.0,Rumah 3 Lantai Hadap Selatan 15 Menit ke The Park Sawangan J-38077,Bojong Sari,https://www.rumah123.com/properti/depok-bojong-sari/rumah-3-lantai-hadap-selatan-15-menit-ke-the-park-sawangan-j38077-hos41362122/,rumah123_playwright,2026-04-19T12:42:10.894755
Depok,306.0,102.0,5.0,2,,,,Siap Huni,,,940000000.0,Rumah 3 LT Siap Huni 15 Mnt ke The Park Sawangan Dibantu KPR J-38077,Sawangan,https://www.rumah123.com/properti/depok-sawangan/rumah-3-lt-siap-huni-15-mnt-ke-the-park-sawangan-dibantu-kpr-j38077-hos41287478/,rumah123_playwright,2026-04-19T12:42:20.532731
Depok,1200.0,4000.0,6.0,5,2.0,,,,,,40000000000.0,"Murah ,Terluas , Komersial Area di Pusat Kota Depok",Margonda,https://www.rumah123.com/properti/depok-margonda/rumah-kebun-terluas-di-tengah-kota-depok-hos7357377/,rumah123_playwright,2026-04-19T12:42:29.704710
Depok,45.0,84.0,2.0,1,2.0,,,Siap Huni,,,800000000.0,Rumah Cluster Siap Huni di Permata Cimanggis,Tapos,https://www.rumah123.com/properti/depok-tapos/rumah-cluster-siap-huni-di-permata-cimanggis-hos41105328/,rumah123_playwright,2026-04-19T12:42:37.047511
Depok,82.0,72.0,3.0,2,3.0,,,Siap Huni,,,1300000000.0,Rumah Mewah 2 Lantai Siap Huni 0 KM Dari Tol Sawangan,Pancoran Mas,https://www.rumah123.com/properti/depok-pancoran-mas/rumah-mewah-2-lantai-siap-huni-0-km-dari-tol-sawangan-hos39589038/,rumah123_playwright,2026-04-19T12:42:46.691862
Depok,222.0,160.0,5.0,5,4.0,,,,,,4400000000.0,Rumah Mewah 3 Lantai+ Lift di Shila At Sawangan,Sawangan,https://www.rumah123.com/properti/depok-sawangan/rumah-mewah-3-lantai-lift-di-shila-at-sawangan-hos41216445/,rumah123_playwright,2026-04-19T12:42:54.636851
Depok,72.0,52.0,3.0,2,2.0,,,,,,900000000.0,Rumah Mewah 2.5 Lantai Dekat Tol Cijago,Sukatani,https://www.rumah123.com/properti/depok-sukatani/rumah-mewah-25-lantai-dekat-tol-cijago-hos41272501/,rumah123_playwright,2026-04-19T12:43:02.982425
Depok,140.0,128.0,5.0,4,4.0,,,Siap Huni,,,3500000000.0,Sisa 1 Unit Ready Siap Huni Full Furnished,Pancoran Mas,https://www.rumah123.com/properti/depok-pancoran-mas/sisa-1-unit-ready-siap-huni-full-furnished-hos41271961/,rumah123_playwright,2026-04-19T12:43:12.124576
Depok,85.0,105.0,3.0,3,4.0,,,Siap Huni,,,1300000000.0,Siap Huni Tinggal Pindah 2 Lantai Dekat Pintu Toll Limo,Cinere,https://www.rumah123.com/properti/depok-cinere/siap-huni-tinggal-pindah-2-lantai-dekat-pintu-toll-limo-hos41162057/,rumah123_playwright,2026-04-19T12:43:24.589599
Depok,550.0,370.0,6.0,4,4.0,,,Bagus,,,4750000000.0,Dijual Murah Rumah Bagus 15 Menit ke MRT,Cinere,https://www.rumah123.com/properti/depok-cinere/dijual-murah-rumah-bagus-15-menit-ke-mrt-hos41284748/,rumah123_playwright,2026-04-19T12:43:33.600374
Depok,60.0,72.0,2.0,2,1.0,,SHM,,,,650000000.0,"Rumah 2 Lantai , Boulevard Sawangan Village",Sawangan,https://www.rumah123.com/properti/depok-sawangan/rumah-2-lantai-harga-1-lantai-hos40328044/,rumah123_playwright,2026-04-19T12:43:43.801440
Depok,36.0,84.0,2.0,2,,,,Siap Huni,,,700000000.0,Rumah Hadap Utara 5 Mnt ke Rsud Depok Timur Dibantu KPR J-37990,Cilodong,https://www.rumah123.com/properti/depok-cilodong/rumah-hadap-utara-5-mnt-ke-rsud-depok-timur-dibantu-kpr-j37990-hos40617347/,rumah123_playwright,2026-04-19T12:43:54.334788
Depok,75.0,50.0,3.0,2,2.0,,,,,,560000000.0,Akbar Residen Cukup500rb Depok,Grand Depok City,https://www.rumah123.com/properti/depok-grand-depok-city/akbar-residen-cukup500rb-depok-hos40758392/,rumah123_playwright,2026-04-19T12:44:03.949005
Depok,90.0,60.0,3.0,2,2.0,,,Baru,,,850000000.0,Rumah 2 Lantai Murah di Pancoran Mas Dekat Stasiun Kereta Depok,Pancoran Mas,https://www.rumah123.com/properti/depok-pancoran-mas/rumah-2-lantai-murah-di-pancoran-mas-dekat-stasiun-kereta-depok-hos41400463/,rumah123_playwright,2026-04-19T12:44:15.145942
Depok,90.0,60.0,3.0,2,2.0,,,Baru,,,850000000.0,Rumah Minimalis Selangkah ke Stasiun Kereta Beji Depok,Beji,https://www.rumah123.com/properti/depok-beji/rumah-minimalis-selangkah-ke-stasiun-kereta-beji-depok-hos41400614/,rumah123_playwright,2026-04-19T12:44:26.166391
Depok,90.0,89.0,3.0,2,2.0,,SHM,Baru,,,950000000.0,Cluster Luas Kpr Rumah Depok,Rangkapanjaya,https://www.rumah123.com/properti/depok-rangkapanjaya/cluster-luas-kpr-rumah-depok-hos39663141/,rumah123_playwright,2026-04-19T12:44:35.971805
Depok,535.0,850.0,5.0,5,5.0,,SHM,,,,6900000000.0,"Dijual B.u !! Rumah Mewah Rasa Vila, Ada Swimming Pool di Cinere - Depok, Jawa Barat",Cinere,https://www.rumah123.com/properti/depok-cinere/dijual-bu-rumah-mewah-rasa-vila-ada-swimming-pool-di-cinere-depok-jawa-barat-hos41303890/,rumah123_playwright,2026-04-19T12:44:44.086501
Depok,45.0,81.0,2.0,1,1.0,,,Siap Huni,,,550000000.0,"Dijual Cepat Rumah Nyaman Strategis di Grand Mutiara Serua, Bojongsari, Depok..Turun Harga 600Jt Jadi 550Jt",Bojong Sari,https://www.rumah123.com/properti/depok-bojong-sari/dijual-cepat-rumah-nyaman-strategis-di-grand-mutiara-serua-bojongsari-depokturun-harga-600jt-jadi-550jt-hos40235775/,rumah123_playwright,2026-04-19T12:44:55.432189
Depok,85.0,90.0,3.0,2,2.0,,,,,,1650000000.0,Dijual Rumah Cantik di Selatan Jakarta,Cinere,https://www.rumah123.com/properti/depok-cinere/dijual-rumah-cantik-di-selatan-jakarta-hos41399860/,rumah123_playwright,2026-04-19T12:45:04.676879
Depok,242.0,230.0,3.0,2,,,,Siap Huni,,,2350000000.0,Rumah Luas Siap Huni 10 Mnt ke Gerbang Tol Brigif 4 Dibantu KPR J-34467,Limo,https://www.rumah123.com/properti/depok-limo/rumah-luas-siap-huni-10-mnt-ke-gerbang-tol-brigif-4-dibantu-kpr-j34467-hos40178866/,rumah123_playwright,2026-04-19T12:45:33.874356
Depok,72.0,72.0,2.0,1,,,SHM,Siap Huni,,,560000000.0,Rumah SHM 15 Menit ke Rs Citra Medika Depok Siap Huni J-22349,Cipayung,https://www.rumah123.com/properti/depok-cipayung/rumah-shm-15-menit-ke-rs-citra-medika-depok-siap-huni-j22349-hos40613748/,rumah123_playwright,2026-04-19T12:45:43.382306
Depok,100.0,112.0,3.0,2,,,,Siap Huni,,,1770000000.0,Rumah Cantik LT 112 Siap Huni 10 Mnt ke Stasiun Depok Dibantu KPR J-44222,Citayam,https://www.rumah123.com/properti/depok-citayam/rumah-cantik-lt-112-siap-huni-10-mnt-ke-stasiun-depok-dibantu-kpr-j44222-hos41250132/,rumah123_playwright,2026-04-19T12:45:51.968177
Depok,45.0,90.0,2.0,1,,,,Siap Huni,,,670000000.0,Rumah LT 90 Strategis 5 Menit ke Rsud Depok Timur Dibantu KPR J38982,Cilodong,https://www.rumah123.com/properti/depok-cilodong/rumah-lt-90-strategis-5-menit-ke-rsud-depok-timur-dibantu-kpr-j38982-hos40792409/,rumah123_playwright,2026-04-19T12:46:00.759046
Depok,134.0,90.0,3.0,2,,,,Siap Huni,,,1110000000.0,Rumah Cantik 2 Lt Dekat Cilodong 15 Menit ke Stasiun Siap Huni J39679,Cilodong,https://www.rumah123.com/properti/depok-cilodong/rumah-cantik-2-lt-dekat-cilodong-15-menit-ke-stasiun-siap-huni-j39679-hos40795918/,rumah123_playwright,2026-04-19T12:46:09.378428
Depok,225.0,300.0,7.0,5,2.0,,,Siap Huni,,,2990000000.0,"Rumah Tumbuh (Siap +Ruangan), Konsep Hijau, Sejuk, Terang Benderang-Banyak Jendela",Cimanggis,https://www.rumah123.com/properti/depok-cimanggis/rumah-tumbuh-siap-ruangan-konsep-hijau-sejuk-terang-benderangbanyak-jendela-hos41192496/,rumah123_playwright,2026-04-19T12:46:23.221402
Depok,50.0,76.0,2.0,1,1.0,,,Siap Huni,,,620000000.0,Rumah Tengah Kota Belakang Hypermart Tole Iskandar Depok,Cilodong,https://www.rumah123.com/properti/depok-cilodong/rumah-tengah-kota-belakang-hypermart-tole-iskandar-depok-hos13864967/,rumah123_playwright,2026-04-19T12:46:31.620700
Depok,72.0,60.0,3.0,2,1.0,,,Baru,,,900000000.0,Rumah Siap Huni Strategis Bebas Banjir di Kelapa Dua Depok,Kelapa Dua,https://www.rumah123.com/properti/depok-kelapa-dua/rumah-siap-huni-strategis-bebas-banjir-di-kelapa-dua-depok-hos41353231/,rumah123_playwright,2026-04-19T12:46:43.635555
Depok,75.0,60.0,3.0,2,2.0,,,Baru,,,900000000.0,"Rumah Siap Huni,Limo Depok,Akses 2Mobil Strategis&Bebas Banjir",Limo,https://www.rumah123.com/properti/depok-limo/rumah-cluster-siap-huni-limo-depokakses-2mobil-strategis-dan-bebas-banjir-hos41352734/,rumah123_playwright,2026-04-19T12:46:56.169566
Depok,120.0,152.0,2.0,2,2.0,,,,,,1700000000.0,Rumah Nyaman dalam Komplek Elit di Sawangan,Sawangan,https://www.rumah123.com/properti/depok-sawangan/rumah-nyaman-dalam-komplek-elit-di-sawangan-hos40614102/,rumah123_playwright,2026-04-19T12:47:03.579749
Depok,550.0,1800.0,7.0,6,13.0,,SHM,,,,12500000000.0,"Rumah Di Permata Puri Nuansa Villa Modern. Nyaman. Bebas Banjir . Lingkungan Hijau Asri Cimanggis Di Permata Puri, Cimanggis",Cimanggis,https://www.rumah123.com/properti/depok-cimanggis/rumah-di-permata-puri-nuansa-villa-modern-nyaman-bebas-banjir-lingkungan-hijau-asri-cimanggis-di-permata-puri-cimanggis-hos15741492/,rumah123_playwright,2026-04-19T12:47:10.829283
Depok,100.0,94.0,3.0,2,2.0,,SHM,Baru,,,1200000000.0,Rumah 2 Lantai Nempel Kampus Jgu di Grand Depok City,Grand Depok City,https://www.rumah123.com/properti/depok-grand-depok-city/rumah-2-lantai-nempel-kampus-jgu-di-grand-depok-city-hos41321559/,rumah123_playwright,2026-04-19T12:47:20.989528
Depok,125.0,115.0,5.0,4,2.0,,,,,,1000000000.0,Rumah Selangkah Ke Juanda Dan Tol Margonda Di Pesona Arsitek,Sukmajaya,https://www.rumah123.com/properti/depok-sukmajaya/rumah-selangkah-ke-juanda-dan-tol-margonda-di-pesona-arsitek-hos40371260/,rumah123_playwright,2026-04-19T12:47:30.567860
Depok,150.0,208.0,4.0,2,1.0,,,Siap Huni,,,2300000000.0,"Jarang Ada! Rumah Hook Cantik Full Furnished 4 KT di Meruyung, Depok - Siap Huni",Limo,https://www.rumah123.com/properti/depok-limo/jarang-ada-rumah-hook-cantik-full-furnished-4-kt-di-meruyung-depok-siap-huni-hos41317735/,rumah123_playwright,2026-04-19T12:47:37.668941
Depok,300.0,198.0,4.0,3,2.0,,,Siap Huni,,,5500000000.0,Dijual Rumah Modern Siap Huni di Cluster Andara Lokasi Strategis,Pangkalan Jati,https://www.rumah123.com/properti/depok-pangkalan-jati/dijual-rumah-modern-siap-huni-di-cluster-andara-lokasi-strategis-hos18365198/,rumah123_playwright,2026-04-19T12:47:47.051856
Depok,52.0,54.0,2.0,2,1.0,,,Siap Huni,,,620000000.0,Rumah Cantik 2 Lantai Di Sawangan Depok Bisa Kpr,Sawangan,https://www.rumah123.com/properti/depok-sawangan/rumah-cantik-2-lantai-di-sawangan-depok-bisa-kpr-hos39794956/,rumah123_playwright,2026-04-19T12:47:55.506396
Depok,550.0,200.0,6.0,4,2.0,,,Baru,,,2500000000.0,Rumah 3 Lantai Baru Renov Dalam Townhouse Jakarta Timur - Rooftop Siap Pakai,Cimanggis,https://www.rumah123.com/properti/depok-cimanggis/rumah-3-lantai-baru-renov-dalam-townhouse-jakarta-timur-rooftop-siap-pakai-hos41426954/,rumah123_playwright,2026-04-19T12:48:03.667562
Depok,45.0,50.0,2.0,1,2.0,,,Baru,,,350000000.0,Rumah di Jual Murah Dekat Stasiun Pondok Rajeg,Cilodong,https://www.rumah123.com/properti/depok-cilodong/rumah-di-jual-murah-dekat-stasiun-pondok-rajeg-hos40748177/,rumah123_playwright,2026-04-19T12:48:12.361489
Depok,223.0,180.0,4.0,3,2.0,,,,,,2980000000.0,Harga Murah! Rumah Brandnew Megapolitan Cinere Estate Depok Jabar,Cinere,https://www.rumah123.com/properti/depok-cinere/harga-murah-rumah-brandnew-megapolitan-cinere-estate-depok-jabar-hos41423698/,rumah123_playwright,2026-04-19T12:48:23.255406
Depok,32.0,35.0,2.0,1,,,SHM,Siap Huni,,,180000000.0,Jual Rumah Idaman Harga Terjangkau Cash Nego,Citayam,https://www.rumah123.com/properti/depok-citayam/jual-rumah-idaman-harga-terjangkau-cash-nego-hos41394485/,rumah123_playwright,2026-04-19T12:48:32.113528
Depok,45.0,65.0,2.0,1,1.0,,SHM,,,,300000000.0,Rumah Nyaman dengan Desain Minimalis Sawangan,Sawangan,https://www.rumah123.com/properti/depok-sawangan/rumah-nyaman-dengan-desain-minimalis-sawangan-hos41392976/,rumah123_playwright,2026-04-19T12:49:01.722774
Depok,60.0,60.0,3.0,2,2.0,,,Baru,,,789000000.0,Rumah 2 Lantai Smarthome Free Smartdoorlock Kanopi Kitchen Set di Graha Padjadjaran,Cinere,https://www.rumah123.com/properti/depok-cinere/rumah-2-lantai-smarthome-free-smartdoorlock-kanopi-kitchen-set-di-graha-padjadjaran-hos41223237/,rumah123_playwright,2026-04-19T12:49:15.622184
Depok,55.0,55.0,3.0,2,1.0,,SHM,Baru,,,735000000.0,"Cluster Rumah Baru Townhouse Berbatasan dengan Cijantung Jakarta Timur dan Lenteng Agung Jakarta Selatan. 2 Lantai SHM. Akses: 8 Menit ke Stasiun Ui,10 Menit ke Stasiun Up,10 Menit Pintu Tol Margonda & Tol Cijago,15 Menit ke Tol & LRT Cibubur Junction",Kelapa Dua,https://www.rumah123.com/properti/depok-kelapa-dua/cluster-rumah-baru-townhouse-berbatasan-dengan-cijantung-jakarta-timur-dan-lenteng-agung-jakarta-selatan-2-lantai-shm-hos15631849/,rumah123_playwright,2026-04-19T12:49:25.723198
Depok,60.0,102.0,2.0,1,4.0,,,,,,650000000.0,Dijual Cepat Rumah Dalam Cluster di Pekapuran Sukatani,Sukatani,https://www.rumah123.com/properti/depok-sukatani/dijual-cepat-rumah-dalam-cluster-di-pekapuran-sukatani-hos40744158/,rumah123_playwright,2026-04-19T12:49:35.632484
Depok,735.0,1413.0,7.0,5,3.0,,,,,,4500000000.0,Rumah Asri di Tapos Depok Halaman Lega Ada Taman Belakang bisa AJB,Tapos,https://www.rumah123.com/properti/depok-tapos/dijual-rumah-asri-di-cimanggis-depok-halaman-lega-ada-taman-belakang-bisa-ajb-hos40607165/,rumah123_playwright,2026-04-19T12:49:42.710570
Depok,85.0,72.0,3.0,2,1.0,,,Siap Huni,,,865000000.0,Rumah Idaman 2 Lantai Row Jalan Lebar Strategis,Sawangan,https://www.rumah123.com/properti/depok-sawangan/rumah-idaman-2-lantai-row-jalan-lebar-strategis-hos41434664/,rumah123_playwright,2026-04-19T12:49:52.777131
Depok,60.0,72.0,3.0,2,2.0,,,Siap Huni,,,999000000.0,Rumah Dua Lantai 900 Jutaan DP 0 Rupiah Dekat LRT Cibubur,Cibubur,https://www.rumah123.com/properti/depok-cibubur/rumah-dua-lantai-900-jutaan-dp-0-rupiah-dekat-lrt-cibubur-hos41433332/,rumah123_playwright,2026-04-19T12:50:02.942825
Depok,75.0,60.0,3.0,2,1.0,,,Baru,,,995000000.0,Rumah Classic Siap Huni Lokasi Strategis 10 Menit Pintu Tol Limo,Limo,https://www.rumah123.com/properti/depok-limo/rumah-classic-siap-huni-lokasi-strategis-10-menit-pintu-tol-limo-hos41314092/,rumah123_playwright,2026-04-19T12:50:12.881767
Depok,50.0,50.0,3.0,2,1.0,,,Baru,,,684000000.0,Rumah 2 LT Dlm Cluster Islami DP 3 Juta Free Biaya2 Dkt Aksestol,Cinangka,https://www.rumah123.com/properti/depok-cinangka/rumah-2-lt-dlm-cluster-islami-dp-3-juta-free-biaya2-dkt-aksestol-hos41380344/,rumah123_playwright,2026-04-19T12:50:22.652661
Depok,90.0,70.0,3.0,2,1.0,,,,,,1100000000.0,Rumah 2 Lantai Hanya 1.2 M Desain Mewah Dekat Pintu Tol Desari,Rangkapanjaya,https://www.rumah123.com/properti/depok-rangkapanjaya/rumah-2-lantai-hanya-12-m-desain-mewah-dekat-pintu-tol-desari-hos39229075/,rumah123_playwright,2026-04-19T12:50:32.492347
Depok,75.0,50.0,3.0,2,1.0,,,,,,900000000.0,Rumah Minimalis Modern DP 0% dan Free Biaya Dekat LRT Cibubur,Harjamukti,https://www.rumah123.com/properti/depok-harjamukti/rumah-minimalis-modern-dp-0-dan-free-biaya-dekat-lrt-cibubur-hos41176223/,rumah123_playwright,2026-04-19T12:50:41.745988
Depok,159.0,234.0,7.0,6,2.0,,,,,,2800000000.0,"Fitur Lengkap, 5 Kamar Plus Paviliun Nyaman, Mega Cinere",Cinere,https://www.rumah123.com/properti/depok-cinere/rumah-lengkap-mega-cinere-5-kamar-plus-paviliun-nyaman-hos16559815/,rumah123_playwright,2026-04-19T12:50:48.486349
Depok,100.0,65.0,4.0,3,2.0,,,Siap Huni,,,900000000.0,Siap Huni Dekat Mall &Tol Pamulang Bebas Banjir,Bojong Sari,https://www.rumah123.com/properti/depok-bojong-sari/siap-huni-dekat-mall-tol-pamulang-bebas-banjir-hos41418528/,rumah123_playwright,2026-04-19T12:51:00.433689
Depok,200.0,102.0,5.0,3,1.0,,,Baru,,,1600000000.0,Jual Murah Rumah Bagus Baru Direnovasi Dekat Megapolitan Cinere,Cinere,https://www.rumah123.com/properti/depok-cinere/jual-murah-rumah-bagus-baru-direnovasi-dekat-megapolitan-cinere-hos39214658/,rumah123_playwright,2026-04-19T12:51:08.084109
Depok,70.0,61.0,3.0,3,2.0,,,Baru,,,892000000.0,Hunian Mewah di Cimanggis Hanya 8 Menit ke Tol Cisalak dan LRT,Cimanggis,https://www.rumah123.com/properti/depok-cimanggis/hunian-mewah-di-cimanggis-hanya-8-menit-ke-tol-cisalak-dan-lrt-hos40954049/,rumah123_playwright,2026-04-19T12:51:16.646213
Depok,85.0,60.0,3.0,2,2.0,,,Baru,,,2000000000.0,Rumah Bagus Modern 2 Lantai Dijual Dalam Kondisi Baru,Margonda,https://www.rumah123.com/properti/depok-margonda/rumah-bagus-modern-2-lantai-dijual-dalam-kondisi-baru-hos41103901/,rumah123_playwright,2026-04-19T12:51:25.402303
Depok,440.0,800.0,6.0,8,6.0,,,,,,13000000000.0,"Rumah Modern Tropical Di Komplek Elite Cinere, Lt. 800 M2, Private Swimmingpool!",Cinere,https://www.rumah123.com/properti/depok-cinere/rumah-modern-tropical-di-komplek-elite-cinere-lt-800-m2-private-swimmingpool-hos38817599/,rumah123_playwright,2026-04-19T12:51:33.918909
Depok,65.0,72.0,3.0,2,2.0,,,,,,600000000.0,Rumah Rasa Villa akses 5 menit ke alun alun Depok,Cilodong,https://www.rumah123.com/properti/depok-cilodong/rumah-rasa-villa-akses-5-menit-ke-alun-alun-depok-hos39912786/,rumah123_playwright,2026-04-19T12:51:43.202524
Depok,80.0,66.0,3.0,2,4.0,,,,,,886000000.0,Rumah Modern Ready Stok Akses 5 Menit ke Tol Jagorawi,Cimanggis,https://www.rumah123.com/properti/depok-cimanggis/rumah-modern-ready-stok-akses-5-menit-ke-tol-jagorawi-hos39752116/,rumah123_playwright,2026-04-19T12:51:52.983716
Depok,80.0,72.0,4.0,3,2.0,,,,,,1400000000.0,Rumah Ready stock lokasi 300 meter atau kurang 1 menit ke tol kukusan & 5 menit ke UI,Kukusan,https://www.rumah123.com/properti/depok-kukusan/rumah-ready-stock-lokasi-300-meter-atau-kurang-1-menit-ke-tol-kukusan-5-menit-ke-ui-hos39911531/,rumah123_playwright,2026-04-19T12:52:03.051844
Depok,36.0,70.0,2.0,1,2.0,,,Baru,,,750000000.0,"Rumah Mepet Jaksel Diapit 3 Pintu Tol Kukusan, Limo,Krukut",Limo,https://www.rumah123.com/properti/depok-limo/rumah-modern-siaphuni-diapit-3-pintu-tol-kukusan-limo-dan-desari-hos39648828/,rumah123_playwright,2026-04-19T12:52:34.803852
Depok,190.0,203.0,4.0,2,1.0,,,,,,1300000000.0,Jual Murah Rumah Tanah Luas di Persada Tapos Depok,Tapos,https://www.rumah123.com/properti/depok-tapos/jual-murah-rumah-tanah-luas-di-persada-tapos-depok-hos41333053/,rumah123_playwright,2026-04-19T12:52:43.570153
Depok,94.0,65.0,3.0,2,2.0,,SHM,,,,1150000000.0,"Hunian 2Lt, 3Kt,2Km Gandul, Krukut Depok",Krukut,https://www.rumah123.com/properti/depok-krukut/mau-kemana2-gak-pake-macet-siap-huni-matoa-krukut-limo-hos18899271/,rumah123_playwright,2026-04-19T12:52:51.537848
Depok,60.0,72.0,3.0,2,2.0,,,Siap Huni,,,999000000.0,Rumah 900 Jutaan DP 0 Rupiah Jatikarya Jatisampurna,Harjamukti,https://www.rumah123.com/properti/depok-harjamukti/rumah-900-jutaan-dp-0-rupiah-jatikarya-jatisampurna-hos41406069/,rumah123_playwright,2026-04-19T12:53:01.295252
Depok,64.0,84.0,3.0,2,1.0,,,,,,310000000.0,Di Jual Rumah Murah 3 Kamar Akses Mobil di Cilodong Depok,Cilodong,https://www.rumah123.com/properti/depok-cilodong/di-jual-rumah-murah-3-kamar-akses-mobil-di-cilodong-depok-hos41265496/,rumah123_playwright,2026-04-19T12:53:08.525544
Depok,120.0,60.0,4.0,2,2.0,,SHM,Siap Huni,,,1100000000.0,"Siap Huni, 3 Lantai, SHM, Dekat Taman Kota,",Bojong Sari,https://www.rumah123.com/properti/depok-bojong-sari/siap-huni-3-lantai-shm-dekat-taman-kota-hos41389544/,rumah123_playwright,2026-04-19T12:53:18.908568
Depok,361.0,277.0,5.0,3,2.0,,,,,,4000000000.0,Dijual Rumah Unik Dan Nyaman Di Komplek Bukit Cinere Indah,Cinere,https://www.rumah123.com/properti/depok-cinere/dijual-rumah-unik-dan-nyaman-di-komplek-bukit-cinere-indah-hos38944317/,rumah123_playwright,2026-04-19T12:53:28.121776
Depok,332.0,265.0,5.0,6,3.0,,SHM,Siap Huni,,,4500000000.0,"Semi Furnished Rumah SHM Cinere, Depok Bagus",Cinere,https://www.rumah123.com/properti/depok-cinere/semi-furnished-rumah-shm-cinere-depok-bagus-hos19485881/,rumah123_playwright,2026-04-19T12:53:36.056132
Depok,61.0,45.0,3.0,2,1.0,,,Baru,,,883000000.0,"Rumah Siap Huni,Cukup Booking 3Juta Free All In,Strategis Dekat Tol Cijago",Cimanggis,https://www.rumah123.com/properti/depok-cimanggis/rumah-siap-hunicukup-booking-3juta-free-all-instrategis-dekat-tol-cijago-hos41353406/,rumah123_playwright,2026-04-19T12:53:47.107541
Depok,120.0,84.0,5.0,5,2.0,,,,,,1300000000.0,Dijual Rumah Dua Lantai di Dalam Cluster di Rafles Hills,Cimanggis,https://www.rumah123.com/properti/depok-cimanggis/dijual-rumah-dua-lantai-di-dalam-cluster-di-rafles-hills-hos41362941/,rumah123_playwright,2026-04-19T12:53:55.760097
Depok,45.0,74.0,2.0,1,,,,Siap Huni,,,260000000.0,Dijual Cepat Rumah Secondary Dalam Kavlingan di Lewinangung Tapos Depok,Tapos,https://www.rumah123.com/properti/depok-tapos/dijual-cepat-rumah-secondary-dalam-kavlingan-di-lewinangung-tapos-depok-hos41361620/,rumah123_playwright,2026-04-19T12:54:04.397107
Depok,70.0,60.0,3.0,2,1.0,,,Baru,,,900000000.0,"Rumah Cluster 46 Unit,Tersedia Siap Huni,Free Biaya Biaya",Cimanggis,https://www.rumah123.com/properti/depok-cimanggis/rumah-cluster-46-unittersedia-siap-hunifree-biaya-biaya-hos41373382/,rumah123_playwright,2026-04-19T12:54:15.500836
Depok,120.0,110.0,3.0,2,1.0,,,Siap Huni,,,1000000000.0,Dijual Cepat Rumah 1Lantai Didalam Cluster,Beji,https://www.rumah123.com/properti/depok-beji/dijual-cepat-rumah-1lantai-didalam-cluster-hos41360713/,rumah123_playwright,2026-04-19T12:54:24.227692
Depok,80.0,50.0,3.0,2,1.0,,,Baru,,,932000000.0,"Rumah Siap Huni,Pinggir Jalan Strategis,10 Menit LRT Harjamukti",Cisalak,https://www.rumah123.com/properti/depok-cisalak/rumah-siap-hunicluster-pinggir-jalan-strategis-dekat-toll-bebas-banjir-dan-dekat-toll-hos41368824/,rumah123_playwright,2026-04-19T12:54:33.771617
Depok,120.0,87.0,3.0,2,1.0,,,Siap Huni,,,670000000.0,Jual Cepat Rumah Secondary Dalam Perumahan di Depok Dua,Depok I,https://www.rumah123.com/properti/depok-depok-i/jual-cepat-rumah-secondary-dalam-perumahan-di-depok-dua-hos41408009/,rumah123_playwright,2026-04-19T12:54:45.248640
Depok,250.0,150.0,6.0,4,2.0,,,Siap Huni,,,1500000000.0,Dijual Cepat.! Rumah Dua Lantai di Pondok Cina,Margonda,https://www.rumah123.com/properti/depok-margonda/dijual-cepat-rumah-dua-lantai-di-pondok-cina-hos41410514/,rumah123_playwright,2026-04-19T12:54:56.483626
Depok,85.0,70.0,3.0,5,1.0,,,Siap Huni,,,1170000000.0,Dijual Rumah Dua Lantai Ready Stok Dalam Mini Cluster,Cimanggis,https://www.rumah123.com/properti/depok-cimanggis/dijual-rumah-dua-lantai-ready-stok-dalam-mini-cluster-hos41365350/,rumah123_playwright,2026-04-19T12:55:04.713046
Depok,90.0,84.0,3.0,2,1.0,,,,,,1100000000.0,Green Lovina Cibubur - Hunian Modern Radar Auri Cimanggis,Cimanggis,https://www.rumah123.com/properti/depok-cimanggis/green-lovina-cibubur-hunian-modern-radar-auri-cimanggis-hos41414020/,rumah123_playwright,2026-04-19T12:55:11.542630
Depok,75.0,144.0,4.0,1,1.0,,,,,,1770000000.0,"Dijual Rumah Tumbuh 1,5 Lantai - Luas & Strategis di Sawangan, Depok",Sawangan,https://www.rumah123.com/properti/depok-sawangan/dijual-rumah-tumbuh-15-lantai-luas-strategis-di-sawangan-depok-hos41287624/,rumah123_playwright,2026-04-19T12:55:20.664154
Depok,110.0,157.0,5.0,3,2.0,,SHM,Bagus,,,1750000000.0,Rumah Bagus Huk 1.5 Lantai Area Megacinere SHM,Cinere,https://www.rumah123.com/properti/depok-cinere/rumah-bagus-huk-15-lantai-area-megacinere-shm-hos18317610/,rumah123_playwright,2026-04-19T12:55:27.640980
Depok,100.0,102.0,5.0,3,2.0,,,Bagus,,,1290000000.0,"Dijual Rumah Bagus di Perumnas Depok Timur, Kota Depok. Terawat",Depok I,https://www.rumah123.com/properti/depok-depok-i/rumah-2-lantai-di-perumnas-depok-timur-kota-depok-rumah-bagus-shm-hos40730515/,rumah123_playwright,2026-04-19T12:55:58.939637
Depok,110.0,71.0,3.0,2,2.0,,SHM,Baru,,,1000000000.0,Rumah Mewah Akses Mobil Siap Huni SHM di Depok,Grand Depok City,https://www.rumah123.com/properti/depok-grand-depok-city/rumah-mewah-akses-mobil-siap-huni-shm-di-depok-hos41217958/,rumah123_playwright,2026-04-19T12:56:08.219830
Depok,241.0,421.0,6.0,4,2.0,,SHM,,,,4000000000.0,Rumah View Danau di Citra Lake Sawangan - Depok,Sawangan,https://www.rumah123.com/properti/depok-sawangan/rumah-view-danau-di-citra-lake-sawangan-depok-hos17764835/,rumah123_playwright,2026-04-19T12:56:15.882147
Depok,1200.0,1428.0,15.0,14,12.0,,SHM,,,,25000000000.0,Dijual Rumah Artis Harga Ekonomis Dalam Komplek At Cinere Depok Jabar,Cinere,https://www.rumah123.com/properti/depok-cinere/dijual-rumah-artis-harga-ekonomis-dalam-komplek-at-cinere-depok-jabar-hos19090197/,rumah123_playwright,2026-04-19T12:56:25.125324
Depok,105.0,104.0,3.0,3,3.0,,,Siap Huni,,,1420000000.0,Rumah Mewah 2 Lantai Dekat Stasiun Depok,Cilodong,https://www.rumah123.com/properti/depok-cilodong/rumah-mewah-2-lantai-dekat-stasiun-depok-hos40724933/,rumah123_playwright,2026-04-19T12:56:33.156252
Depok,240.0,362.0,5.0,4,1.0,,,Siap Huni,,,5100000000.0,Dijual Rumah Mewah dengan Kolam Renang di Kawasan Cinere,Cinere,https://www.rumah123.com/properti/depok-cinere/dijual-rumah-mewah-dengan-kolam-renang-di-kawasan-cinere-hos41423697/,rumah123_playwright,2026-04-19T12:56:42.595047
Depok,180.0,120.0,4.0,4,1.0,,,Baru,,,2500000000.0,Rumah Cantik dan Asri,Cinere,https://www.rumah123.com/properti/depok-cinere/rumah-cantik-dan-asri-hos9860773/,rumah123_playwright,2026-04-19T12:56:49.250512
Depok,48.0,63.0,3.0,2,,,,Baru,,,100000000.0,Takeover Credit Rumah Baru Siap Huni di Bojong Sari Depok,Sawangan,https://www.rumah123.com/properti/depok-sawangan/takeover-credit-rumah-baru-siap-huni-di-bojong-sari-depok-hos39951055/,rumah123_playwright,2026-04-19T12:57:00.427330
Depok,42.0,37.0,2.0,2,,,,Baru,,,631000000.0,Rumah 2 Lantai Ter Worth It Hanya 5 Menit Dari Akses Toll,Beji,https://www.rumah123.com/properti/depok-beji/rumah-2-lantai-ter-worth-it-hanya-5-menit-dari-akses-toll-hos41329193/,rumah123_playwright,2026-04-19T12:57:12.058881
Depok,55.0,60.0,3.0,2,1.0,,,Baru,,,780000000.0,Hunian Semi Furnitur Selangkah Akses Toll Legalitas Aman Free All,Sawangan,https://www.rumah123.com/properti/depok-sawangan/hunian-semi-furnitur-selangkah-akses-toll-legalitas-aman-free-all-hos41405122/,rumah123_playwright,2026-04-19T12:57:23.579570
Depok,53.0,42.0,3.0,2,1.0,,,Baru,,,531000000.0,Rumah 2 Lantai Fasilitas Lengkap Legalitas Aman bisa DP 0%,Sawangan,https://www.rumah123.com/properti/depok-sawangan/rumah-2-lantai-fasilitas-lengkap-legalitas-aman-bisa-dp-0-hos41376604/,rumah123_playwright,2026-04-19T12:57:35.999762
Depok,101.0,77.0,4.0,3,3.0,,,Siap Huni,,,1200000000.0,"Rumah, di Sawangan Ready(Siap Huni)",Sawangan,https://www.rumah123.com/properti/depok-sawangan/rumah-di-sawangan-readysiap-huni-hos41150221/,rumah123_playwright,2026-04-19T12:57:43.604352
Depok,101.0,77.0,4.0,3,3.0,,,Siap Huni,,,1200000000.0,Rumah Murah di Selatan Jakarta,Bojong Sari,https://www.rumah123.com/properti/depok-bojong-sari/rumah-murah-di-selatan-jakarta-hos41189011/,rumah123_playwright,2026-04-19T12:57:53.951671
Depok,550.0,1575.0,6.0,5,11.0,,,,,,12500000000.0,Rumah Dijual Permata Puri I Asri Terawat Cimanggis,Cimanggis,https://www.rumah123.com/properti/depok-cimanggis/rumah-dijual-permata-puri-i-asri-terawat-cimanggis-hos40032109/,rumah123_playwright,2026-04-19T12:58:01.769954
Depok,72.0,47.0,3.0,2,2.0,,,,,,964000000.0,PERUM MODERN CLASSIC TERMURAH FASUM LENGKAP DI PINGGIR JLN RAYA,Cimanggis,https://www.rumah123.com/properti/depok-cimanggis/perum-modern-classic-termurah-fasum-lengkap-di-pinggir-jln-raya-hos40461358/,rumah123_playwright,2026-04-19T12:58:11.467591
Depok,36.0,60.0,2.0,1,1.0,,,Siap Huni,,,695000000.0,Rumah 1 Lantai Siap Huni Biaya Akad,Cinere,https://www.rumah123.com/properti/depok-cinere/rumah-1-lantai-siap-huni-biaya-akad-hos41095974/,rumah123_playwright,2026-04-19T12:58:22.433721
Depok,90.0,67.0,2.0,3,2.0,,,,,,1600000000.0,Rumah Dijual Dekat Stasiun LRT Harjamukti Cimanggis Depok,Harjamukti,https://www.rumah123.com/properti/depok-harjamukti/rumah-dijual-dekat-stasiun-lrt-harjamukti-cimanggis-depok-hos41394465/,rumah123_playwright,2026-04-19T12:58:31.643534
Depok,360.0,320.0,4.0,3,4.0,,,Siap Huni,,,3900000000.0,"Rumah Cantik Siap Huni di Villa Cinere Mas, Best Price",Cinere,https://www.rumah123.com/properti/depok-cinere/rumah-cantik-siap-huni-di-villa-cinere-mas-best-price-hos40693254/,rumah123_playwright,2026-04-19T12:58:40.716713
Depok,400.0,260.0,4.0,4,2.0,,SHM,,,,4000000000.0,Rumah Villa Cinere Mas 2 Lantai LT 260 LB 400 SHM Nego,Cinere,https://www.rumah123.com/properti/depok-cinere/rumah-villa-cinere-mas-2-lantai-lt-260-lb-400-shm-nego-hos41347286/,rumah123_playwright,2026-04-19T12:58:49.520082
Depok,400.0,300.0,4.0,3,3.0,,,,,,4300000000.0,Rumah Asri 2 LT Villa Cinere Mas Lt300 Lb400 Harga 4M,Cinere,https://www.rumah123.com/properti/depok-cinere/rumah-asri-2-lt-villa-cinere-mas-lt300-lb400-harga-4m-hos41319174/,rumah123_playwright,2026-04-19T12:58:56.579647
